SaleID,SaleDate,Manufacturer,Model,VehicleType,FuelType,Transmission,ModelYear,VehicleCondition,Color,Region,Salesperson,CustomerType,Quantity,UnitPrice,DiscountRate,FinalSaleAmount,PaymentMethod,DeliveryDays,CustomerRating,IsReturned,StockStatus
S2025010447,2025-01-01,르노코리아,XM3,SUV,Gasoline,Automatic,2024,신차,블루,경기,영업사원_05,개인,2,27800000,0.05,52820000,카드,21,4.0,N,출고완료
S2025010064,2025-01-02,현대,아이오닉5,SUV,Electric,SingleSpeed,2024,중고,블랙,부산,영업사원_03,법인,2,46100000,0.07,85746000,리스,22,4.0,N,출고완료
S2025010207,2025-01-02,쉐보레,말리부,Sedan,Gasoline,Automatic,2025,신차,그레이,대구,영업사원_11,개인,2,30000000,0.05,57000000,할부,21,4.7,N,재고보유
S2025010264,2025-01-02,제네시스,G70,Sedan,Gasoline,Automatic,2025,신차,그레이,대전,영업사원_18,법인,4,48000000,0.0,192000000,리스,11,3.5,N,재고보유
S2025010326,2025-01-04,르노코리아,XM3,SUV,Gasoline,Automatic,2024,신차,실버,부산,영업사원_10,개인,1,27800000,0.05,26410000,할부,5,3.6,N,출고완료
S2025010497,2025-01-04,기아,EV6,SUV,Electric,SingleSpeed,2023,신차,그레이,서울,영업사원_04,개인,1,57700000,0.07,53661000,할부,7,4.2,N,주문생산
S2025010129,2025-01-05,기아,스포티지,SUV,Gasoline,Automatic,2024,신차,화이트,강원,영업사원_02,법인,1,33600000,0.02,32928000,리스,9,4.1,N,출고완료
S2025010416,2025-01-05,쉐보레,말리부,Sedan,Gasoline,Automatic,2024,신차,화이트,대전,영업사원_11,개인,2,28800000,0.0,57600000,리스,9,4.2,N,재고보유
S2025010335,2025-01-06,현대,아이오닉5,SUV,Electric,SingleSpeed,2025,신차,화이트,전라,영업사원_06,개인,1,59400000,0.05,56430000,리스,32,4.2,N,출고완료
S2025010098,2025-01-09,기아,EV6,SUV,Electric,SingleSpeed,2024,신차,화이트,경기,영업사원_10,개인,1,60200000,0.03,58394000,카드,11,4.1,N,출고완료
S2025010270,2025-01-09,쉐보레,트랙스 크로스오버,SUV,Gasoline,Automatic,2023,신차,실버,서울,영업사원_10,개인,1,25800000,0.1,23220000,할부,15,3.1,N,출고완료
S2025010485,2025-01-10,르노코리아,XM3,SUV,Gasoline,Automatic,2024,신차,블랙,경상,영업사원_08,개인,1,27800000,0.1,25020000,할부,8,4.4,N,주문생산
S2025010152,2025-01-13,기아,K3,Sedan,Gasoline,Automatic,2023,신차,화이트,서울,영업사원_11,개인,1,18900000,0.0,18900000,리스,11,4.3,N,출고완료
S2025010379,2025-01-13,현대,투싼,SUV,Gasoline,Automatic,2025,신차,그레이,경기,영업사원_01,개인,1,34000000,0.03,32980000,할부,7,4.3,N,재고보유
S2025010051,2025-01-14,현대,아이오닉5,SUV,Electric,SingleSpeed,2025,신차,화이트,경기,영업사원_15,법인,1,59400000,0.12,52272000,할부,35,4.0,N,주문생산
S2025010093,2025-01-15,제네시스,G70,Sedan,Gasoline,Automatic,2024,신차,실버,광주,영업사원_02,개인,2,46100000,0.02,90356000,리스,5,3.8,N,출고완료
S2025010135,2025-01-15,제네시스,G80,Sedan,Gasoline,Automatic,2025,신차,화이트,서울,영업사원_15,개인,2,61000000,0.07,113460000,할부,10,4.6,N,주문생산
S2025010498,2025-01-16,KG모빌리티,토레스,SUV,Electric,SingleSpeed,2024,신차,블랙,대구,영업사원_18,개인,1,34400000,0.05,32680000,카드,18,3.5,N,출고완료
S2025010330,2025-01-17,현대,쏘나타,Sedan,Hybrid,Automatic,2025,신차,블랙,전라,영업사원_02,개인,1,33500000,0.03,32495000,카드,17,4.1,N,출고완료
S2025010353,2025-01-18,르노코리아,XM3,SUV,Hybrid,Automatic,2025,신차,화이트,서울,영업사원_12,개인,1,31300000,0.1,28170000,할부,9,4.6,N,재고보유
S2025010384,2025-01-20,현대,투싼,SUV,Diesel,Automatic,2023,신차,블랙,충청,영업사원_17,개인,1,32200000,0.05,30590000,할부,3,4.4,N,출고완료
S2025010007,2025-01-21,KG모빌리티,렉스턴,SUV,Diesel,Automatic,2025,신차,화이트,경기,영업사원_09,개인,1,44300000,0.05,42085000,할부,15,3.9,N,재고보유
S2025010045,2025-01-21,KG모빌리티,티볼리,SUV,Gasoline,Automatic,2025,신차,블랙,대전,영업사원_12,개인,1,26000000,0.0,26000000,할부,5,3.9,N,주문생산
S2025010026,2025-01-22,기아,스포티지,SUV,Hybrid,Automatic,2025,신차,블랙,경기,영업사원_20,개인,1,37800000,0.05,35910000,할부,8,4.1,N,출고완료
S2025010308,2025-01-22,르노코리아,QM6,SUV,LPG,Automatic,2025,신차,그레이,경기,영업사원_11,법인,1,32000000,0.02,31360000,리스,6,4.2,N,출고완료
S2025010483,2025-01-23,현대,아이오닉5,SUV,Electric,SingleSpeed,2025,신차,레드,경기,영업사원_18,개인,2,59400000,0.0,118800000,카드,16,3.6,N,출고완료
S2025010376,2025-01-26,기아,EV6,SUV,Electric,SingleSpeed,2025,신차,블랙,경기,영업사원_12,개인,1,62700000,0.15,53295000,할부,11,5.0,N,재고보유
S2025010317,2025-01-27,기아,K5,Sedan,Gasoline,Automatic,2025,신차,화이트,경기,영업사원_20,개인,1,32000000,0.12,28160000,할부,14,5.0,N,주문생산
S2025010110,2025-01-28,기아,EV6,SUV,Electric,SingleSpeed,2024,신차,화이트,서울,영업사원_09,개인,1,60200000,0.05,57190000,리스,24,4.0,N,출고완료
S2025010165,2025-01-28,제네시스,G80,Sedan,Electric,SingleSpeed,2024,신차,화이트,부산,영업사원_11,법인,5,65600000,0.12,288640000,리스,29,4.4,N,재고보유
S2025010150,2025-01-29,기아,K3,Sedan,Gasoline,Automatic,2025,신차,화이트,울산,영업사원_18,개인,1,20500000,0.0,20500000,카드,12,4.0,N,출고완료
S2025020115,2025-02-02,기아,K5,Sedan,Hybrid,Automatic,2025,신차,화이트,대전,영업사원_10,법인,3,34600000,0.02,101724000,리스,18,4.6,N,출고완료
S2025020306,2025-02-02,쉐보레,트랙스 크로스오버,SUV,Gasoline,Automatic,2024,신차,블랙,인천,영업사원_06,개인,1,26900000,0.05,25555000,카드,3,3.8,N,출고완료
S2025020059,2025-02-04,기아,K5,Sedan,Hybrid,Automatic,2025,신차,블랙,대구,영업사원_18,법인,2,34600000,0.02,67816000,리스,10,4.1,N,재고보유
S2025020124,2025-02-04,쉐보레,트랙스 크로스오버,SUV,Gasoline,Automatic,2025,신차,블루,대전,영업사원_08,개인,2,28000000,0.07,52080000,할부,4,5.0,N,주문생산
S2025020327,2025-02-04,기아,K5,Sedan,Hybrid,Automatic,2023,신차,블랙,전라,영업사원_12,개인,1,31800000,0.07,29574000,리스,13,4.6,N,주문생산
S2025020151,2025-02-05,현대,아이오닉5,SUV,Electric,SingleSpeed,2024,신차,화이트,전라,영업사원_12,개인,1,57000000,0.03,55290000,리스,18,3.1,N,출고완료
S2025020382,2025-02-05,제네시스,G70,Sedan,Gasoline,Automatic,2023,신차,화이트,울산,영업사원_13,법인,1,44200000,0.07,41106000,리스,20,3.3,N,출고완료
S2025020268,2025-02-06,현대,쏘나타,Sedan,Gasoline,Automatic,2024,신차,그레이,서울,영업사원_12,개인,2,29800000,0.07,55428000,카드,13,3.6,N,주문생산
S2025020338,2025-02-06,현대,투싼,SUV,Diesel,Automatic,2025,신차,화이트,부산,영업사원_12,법인,1,35000000,0.07,32550000,리스,6,4.5,N,재고보유
S2025020311,2025-02-07,현대,쏘나타,Sedan,Hybrid,Automatic,2025,신차,블랙,경기,영업사원_03,개인,1,33500000,0.1,30150000,리스,13,4.4,N,재고보유
S2025020250,2025-02-08,현대,쏘나타,Sedan,Hybrid,Automatic,2023,중고,화이트,경기,영업사원_11,개인,1,25200000,0.03,24444000,리스,4,4.1,N,재고보유
S2025020373,2025-02-08,기아,K5,Sedan,Gasoline,Automatic,2025,신차,블루,대전,영업사원_18,개인,1,32000000,0.05,30400000,할부,9,3.0,N,재고보유
S2025020477,2025-02-08,제네시스,GV70,SUV,Gasoline,Automatic,2024,신차,화이트,울산,영업사원_12,개인,1,54700000,0.02,53606000,현금,12,3.7,N,재고보유
S2025020091,2025-02-10,현대,쏘나타,Sedan,Hybrid,Automatic,2024,중고,그레이,부산,영업사원_02,개인,1,23500000,0.15,19975000,할부,4,4.3,N,주문생산
S2025020109,2025-02-10,르노코리아,XM3,SUV,Gasoline,Automatic,2025,신차,블루,서울,영업사원_19,개인,1,29000000,0.02,28420000,현금,15,4.1,N,재고보유
S2025020137,2025-02-11,르노코리아,XM3,SUV,Gasoline,Automatic,2025,중고,화이트,대구,영업사원_01,개인,1,20500000,0.03,19885000,할부,1,4.9,N,출고완료
S2025020071,2025-02-13,기아,K3,Sedan,Gasoline,Automatic,2025,신차,화이트,서울,영업사원_05,법인,1,20500000,0.05,19475000,할부,4,4.2,N,출고완료
S2025020167,2025-02-13,르노코리아,QM6,SUV,Gasoline,Automatic,2024,신차,블루,서울,영업사원_17,개인,2,31700000,0.12,55792000,리스,4,4.0,N,출고완료
S2025020161,2025-02-14,제네시스,G80,Sedan,Gasoline,Automatic,2024,신차,화이트,경기,영업사원_17,법인,3,58600000,0.07,163494000,할부,15,4.1,N,출고완료
S2025020334,2025-02-15,기아,K3,Sedan,Gasoline,Automatic,2025,신차,실버,강원,영업사원_01,개인,1,20500000,0.02,20090000,카드,10,4.2,N,재고보유
S2025020422,2025-02-16,현대,쏘나타,Sedan,Hybrid,Automatic,2024,중고,블루,강원,영업사원_12,개인,1,23700000,0.05,22515000,할부,2,4.9,N,출고완료
S2025020471,2025-02-16,현대,투싼,SUV,Gasoline,Automatic,2023,중고,블랙,서울,영업사원_11,개인,3,24300000,0.12,64152000,할부,6,4.3,N,재고보유
S2025020116,2025-02-17,KG모빌리티,티볼리,SUV,Gasoline,Automatic,2025,신차,블루,울산,영업사원_09,개인,1,26000000,0.03,25220000,할부,10,4.2,N,출고완료
S2025020453,2025-02-17,현대,투싼,SUV,Diesel,Automatic,2025,신차,화이트,전라,영업사원_01,개인,1,35000000,0.03,33950000,할부,10,5.0,N,주문생산
S2025020030,2025-02-18,쉐보레,말리부,Sedan,Gasoline,Automatic,2025,신차,블랙,인천,영업사원_19,법인,4,30000000,0.07,111600000,카드,16,4.2,N,출고완료
S2025020329,2025-02-18,쉐보레,트랙스 크로스오버,SUV,Gasoline,Automatic,2025,신차,그레이,경기,영업사원_07,개인,1,28000000,0.1,25200000,할부,9,3.9,N,출고완료
S2025020062,2025-02-19,KG모빌리티,토레스,SUV,Electric,SingleSpeed,2025,신차,화이트,서울,영업사원_01,개인,1,35800000,0.02,35084000,할부,34,4.6,N,주문생산
S2025020037,2025-02-20,KG모빌리티,티볼리,SUV,Gasoline,Automatic,2025,신차,화이트,충청,영업사원_10,개인,1,26000000,0.1,23400000,할부,11,3.5,N,출고완료
S2025020314,2025-02-20,현대,아이오닉5,SUV,Electric,SingleSpeed,2024,신차,화이트,경기,영업사원_16,개인,1,57000000,0.1,51300000,할부,25,4.1,N,출고완료
S2025020395,2025-02-20,KG모빌리티,토레스,SUV,Gasoline,Automatic,2023,신차,그레이,서울,영업사원_04,법인,2,29400000,0.05,55860000,리스,20,4.4,N,출고완료
S2025020143,2025-02-21,KG모빌리티,티볼리,SUV,Gasoline,Automatic,2025,중고,레드,강원,영업사원_16,법인,1,19900000,0.05,18905000,카드,1,4.1,Y,출고완료
S2025020198,2025-02-21,르노코리아,QM6,SUV,Gasoline,Automatic,2025,중고,화이트,강원,영업사원_14,개인,1,20900000,0.07,19437000,할부,5,3.8,N,재고보유
S2025020055,2025-02-22,제네시스,G70,Sedan,Gasoline,Automatic,2025,신차,블루,서울,영업사원_04,개인,1,48000000,0.05,45600000,할부,9,4.5,N,출고완료
S2025020086,2025-02-22,현대,아반떼,Sedan,Gasoline,Automatic,2025,신차,블루,충청,영업사원_13,개인,1,21000000,0.02,20580000,현금,18,4.8,N,출고완료
S2025020216,2025-02-22,기아,EV6,SUV,Electric,SingleSpeed,2024,신차,블랙,충청,영업사원_18,개인,1,60200000,0.0,60200000,현금,30,4.0,N,재고보유
S2025020413,2025-02-22,기아,EV6,SUV,Electric,SingleSpeed,2023,신차,그레이,대전,영업사원_08,법인,2,57700000,0.0,115400000,리스,12,4.4,N,출고완료
S2025020065,2025-02-23,현대,아이오닉5,SUV,Electric,SingleSpeed,2025,신차,화이트,충청,영업사원_12,개인,1,59400000,0.0,59400000,카드,29,4.7,N,주문생산
S2025020210,2025-02-23,기아,K5,Sedan,Hybrid,Automatic,2023,신차,블랙,인천,영업사원_13,개인,1,31800000,0.0,31800000,할부,8,5.0,N,주문생산
S2025020278,2025-02-23,현대,아반떼,Sedan,Gasoline,Automatic,2024,신차,그레이,전라,영업사원_13,개인,1,20200000,0.07,18786000,할부,17,4.2,N,주문생산
S2025020356,2025-02-23,르노코리아,XM3,SUV,Hybrid,Automatic,2024,신차,블랙,충청,영업사원_16,개인,2,30100000,0.02,58996000,리스,10,3.3,N,주문생산
S2025020410,2025-02-23,KG모빌리티,티볼리,SUV,Gasoline,Automatic,2024,신차,화이트,경기,영업사원_06,개인,1,25000000,0.05,23750000,리스,13,4.1,N,주문생산
S2025020039,2025-02-24,쉐보레,트랙스 크로스오버,SUV,Gasoline,Automatic,2023,중고,그레이,대전,영업사원_07,개인,1,16600000,0.05,15770000,리스,7,3.9,N,재고보유
S2025020357,2025-02-27,제네시스,G80,Sedan,Electric,SingleSpeed,2025,신차,그레이,경상,영업사원_13,개인,1,68300000,0.1,61470000,할부,35,4.5,N,재고보유
S2025020403,2025-02-27,기아,K3,Sedan,Gasoline,Automatic,2025,신차,화이트,부산,영업사원_11,개인,1,20500000,0.07,19065000,할부,17,3.8,N,재고보유
S2025020437,2025-02-27,현대,쏘나타,Sedan,Hybrid,Automatic,2025,신차,블랙,경상,영업사원_18,개인,4,33500000,0.05,127300000,카드,4,4.3,N,출고완료
S2025020445,2025-02-27,기아,K5,Sedan,Gasoline,Automatic,2025,신차,블랙,울산,영업사원_20,개인,1,32000000,0.07,29760000,카드,15,3.6,N,재고보유
S2025020031,2025-02-28,제네시스,G70,Sedan,Gasoline,Automatic,2024,신차,그레이,서울,영업사원_12,법인,2,46100000,0.02,90356000,리스,13,4.3,N,출고완료
S2025030263,2025-03-01,현대,아이오닉5,SUV,Electric,SingleSpeed,2025,신차,블랙,서울,영업사원_10,개인,1,59400000,0.1,53460000,현금,34,3.4,N,출고완료
S2025030414,2025-03-01,기아,K3,Sedan,Gasoline,Automatic,2025,신차,화이트,서울,영업사원_13,개인,4,20500000,0.05,77900000,할부,18,4.5,N,재고보유
S2025030117,2025-03-03,제네시스,G80,Sedan,Gasoline,Automatic,2023,신차,화이트,부산,영업사원_09,법인,1,56100000,0.05,53295000,카드,20,3.8,N,재고보유
S2025030162,2025-03-03,KG모빌리티,렉스턴,SUV,Diesel,Automatic,2024,신차,레드,서울,영업사원_02,개인,1,42500000,0.12,37400000,현금,11,4.8,N,재고보유
S2025030102,2025-03-04,현대,아이오닉5,SUV,Electric,SingleSpeed,2024,신차,블랙,서울,영업사원_12,법인,1,57000000,0.15,48450000,할부,21,3.5,N,출고완료
S2025030139,2025-03-04,제네시스,G80,Sedan,Gasoline,Automatic,2024,신차,실버,부산,영업사원_15,개인,4,58600000,0.15,199240000,카드,16,3.9,N,재고보유
S2025030398,2025-03-04,현대,투싼,SUV,Diesel,Automatic,2025,신차,화이트,서울,영업사원_04,개인,1,35000000,0.02,34300000,할부,9,4.9,N,재고보유
S2025030095,2025-03-06,기아,K3,Sedan,Gasoline,Automatic,2025,신차,실버,서울,영업사원_13,개인,1,20500000,0.1,18450000,할부,20,2.9,N,주문생산
S2025030159,2025-03-07,기아,EV6,SUV,Electric,SingleSpeed,2024,신차,실버,서울,영업사원_08,개인,1,60200000,0.05,57190000,할부,10,4.8,N,주문생산
S2025030299,2025-03-09,KG모빌리티,토레스,SUV,Electric,SingleSpeed,2025,신차,레드,경기,영업사원_16,개인,1,35800000,0.05,34010000,할부,17,3.9,N,재고보유
S2025030459,2025-03-10,현대,투싼,SUV,Gasoline,Automatic,2025,신차,화이트,경기,영업사원_14,개인,1,34000000,0.1,30600000,할부,4,3.0,N,출고완료
S2025030470,2025-03-10,제네시스,G70,Sedan,Gasoline,Automatic,2024,신차,화이트,경기,영업사원_09,개인,1,46100000,0.03,44717000,리스,12,4.5,N,재고보유
S2025030005,2025-03-13,제네시스,GV70,SUV,Gasoline,Automatic,2023,신차,실버,강원,영업사원_17,개인,3,52400000,0.05,149340000,현금,12,5.0,N,출고완료
S2025030282,2025-03-16,현대,쏘나타,Sedan,Gasoline,Automatic,2024,신차,화이트,대구,영업사원_10,개인,1,29800000,0.1,26820000,할부,8,4.7,N,재고보유
S2025030463,2025-03-17,기아,K3,Sedan,Gasoline,Automatic,2025,신차,레드,서울,영업사원_09,법인,1,20500000,0.1,18450000,카드,9,4.1,N,출고완료
S2025030061,2025-03-22,현대,아이오닉5,SUV,Electric,SingleSpeed,2023,신차,그레이,인천,영업사원_01,법인,1,54600000,0.03,52962000,현금,24,3.5,N,출고완료
S2025030104,2025-03-22,현대,투싼,SUV,Diesel,Automatic,2025,신차,실버,광주,영업사원_12,법인,2,35000000,0.1,63000000,리스,11,3.7,N,재고보유
S2025030204,2025-03-22,쉐보레,트레일블레이저,SUV,Gasoline,Automatic,2025,신차,블루,서울,영업사원_16,개인,1,31000000,0.05,29450000,리스,5,3.7,N,출고완료
S2025030157,2025-03-27,기아,K3,Sedan,Gasoline,Automatic,2025,신차,그레이,경기,영업사원_11,개인,1,20500000,0.05,19475000,리스,4,4.2,N,주문생산
S2025030466,2025-03-27,KG모빌리티,토레스,SUV,Gasoline,Automatic,2025,신차,블루,울산,영업사원_04,개인,1,32000000,0.1,28800000,현금,20,3.8,N,주문생산
S2025030012,2025-03-29,현대,투싼,SUV,Gasoline,Automatic,2023,신차,화이트,전라,영업사원_09,개인,1,31300000,0.07,29109000,할부,7,4.9,N,주문생산
S2025030049,2025-03-30,쉐보레,말리부,Sedan,Gasoline,Automatic,2025,중고,화이트,울산,영업사원_09,법인,5,23900000,0.07,111135000,현금,4,4.1,N,재고보유
S2025030454,2025-03-30,제네시스,G70,Sedan,Gasoline,Automatic,2023,신차,화이트,서울,영업사원_09,개인,1,44200000,0.05,41990000,할부,13,3.8,N,재고보유
S2025040057,2025-04-02,쉐보레,말리부,Sedan,Gasoline,Automatic,2025,신차,그레이,강원,영업사원_20,법인,1,30000000,0.0,30000000,할부,4,3.6,N,출고완료
S2025040389,2025-04-02,현대,투싼,SUV,Diesel,Automatic,2025,신차,화이트,부산,영업사원_11,개인,2,35000000,0.0,70000000,할부,10,4.7,N,재고보유
S2025040436,2025-04-02,기아,EV6,SUV,Electric,SingleSpeed,2025,신차,블랙,강원,영업사원_01,개인,1,62700000,0.05,59565000,현금,23,3.5,N,출고완료
S2025040472,2025-04-04,쉐보레,말리부,Sedan,Gasoline,Automatic,2024,신차,화이트,울산,영업사원_01,개인,1,28800000,0.05,27360000,리스,15,4.8,N,출고완료
S2025040343,2025-04-05,기아,K5,Sedan,Hybrid,Automatic,2025,신차,화이트,충청,영업사원_12,개인,1,34600000,0.1,31140000,할부,9,4.1,N,출고완료
S2025040144,2025-04-06,현대,아이오닉5,SUV,Electric,SingleSpeed,2025,신차,실버,울산,영업사원_14,개인,1,59400000,0.05,56430000,할부,17,4.8,N,주문생산
S2025040193,2025-04-06,르노코리아,XM3,SUV,Hybrid,Automatic,2025,신차,블랙,울산,영업사원_07,개인,1,31300000,0.05,29735000,리스,12,4.8,N,재고보유
S2025040450,2025-04-06,현대,아이오닉5,SUV,Electric,SingleSpeed,2023,중고,블랙,광주,영업사원_04,개인,2,36400000,0.1,65520000,할부,21,4.3,Y,출고완료
S2025040494,2025-04-06,기아,EV6,SUV,Electric,SingleSpeed,2025,신차,그레이,서울,영업사원_03,개인,3,62700000,0.05,178695000,현금,9,4.8,N,주문생산
S2025040234,2025-04-07,KG모빌리티,렉스턴,SUV,Diesel,Automatic,2025,신차,그레이,부산,영업사원_13,개인,1,44300000,0.02,43414000,리스,16,3.2,N,재고보유
S2025040321,2025-04-07,기아,K3,Sedan,Gasoline,Automatic,2024,신차,레드,경기,영업사원_04,개인,2,19700000,0.05,37430000,할부,10,4.2,N,출고완료
S2025040230,2025-04-08,현대,쏘나타,Sedan,Gasoline,Automatic,2025,신차,화이트,인천,영업사원_04,개인,1,31000000,0.05,29450000,카드,7,4.1,N,재고보유
S2025040120,2025-04-09,기아,EV6,SUV,Electric,SingleSpeed,2025,신차,레드,부산,영업사원_09,개인,1,62700000,0.02,61446000,할부,8,4.9,N,주문생산
S2025040257,2025-04-09,현대,투싼,SUV,Gasoline,Automatic,2025,신차,레드,경기,영업사원_11,개인,1,34000000,0.05,32300000,할부,10,4.2,N,재고보유
S2025040272,2025-04-09,현대,투싼,SUV,Gasoline,Automatic,2025,신차,그레이,서울,영업사원_05,개인,1,34000000,0.15,28900000,리스,9,5.0,N,재고보유
S2025040289,2025-04-09,제네시스,GV70,SUV,Diesel,Automatic,2024,신차,블루,인천,영업사원_09,개인,1,56400000,0.0,56400000,현금,9,4.6,N,재고보유
S2025040336,2025-04-09,현대,아이오닉5,SUV,Electric,SingleSpeed,2024,신차,화이트,광주,영업사원_13,법인,3,57000000,0.03,165870000,리스,16,3.9,N,재고보유
S2025040344,2025-04-09,쉐보레,트레일블레이저,SUV,Gasoline,Automatic,2025,신차,블루,서울,영업사원_10,개인,3,31000000,0.02,91140000,카드,18,4.0,N,재고보유
S2025040013,2025-04-10,현대,투싼,SUV,Gasoline,Automatic,2025,신차,레드,서울,영업사원_17,개인,1,34000000,0.07,31620000,할부,4,4.9,N,출고완료
S2025040478,2025-04-10,르노코리아,XM3,SUV,Gasoline,Automatic,2025,신차,그레이,인천,영업사원_04,법인,2,29000000,0.0,58000000,리스,3,4.7,N,출고완료
S2025040488,2025-04-10,쉐보레,트랙스 크로스오버,SUV,Gasoline,Automatic,2025,신차,레드,경상,영업사원_08,개인,1,28000000,0.1,25200000,현금,18,4.1,N,재고보유
S2025040126,2025-04-11,르노코리아,QM6,SUV,LPG,Automatic,2025,신차,실버,인천,영업사원_09,개인,1,32000000,0.0,32000000,할부,13,4.5,N,재고보유
S2025040202,2025-04-11,제네시스,G80,Sedan,Electric,SingleSpeed,2025,신차,화이트,서울,영업사원_06,개인,1,68300000,0.1,61470000,할부,29,3.8,N,출고완료
S2025040411,2025-04-11,제네시스,G70,Sedan,Gasoline,Automatic,2024,중고,그레이,대전,영업사원_02,개인,1,36600000,0.07,34038000,카드,5,4.5,N,재고보유
S2025040001,2025-04-13,제네시스,G70,Sedan,Gasoline,Automatic,2025,신차,화이트,서울,영업사원_13,개인,1,48000000,0.1,43200000,리스,13,4.2,N,출고완료
S2025040008,2025-04-13,쉐보레,말리부,Sedan,Gasoline,Automatic,2025,중고,그레이,경상,영업사원_11,법인,1,20800000,0.03,20176000,현금,5,4.2,Y,출고완료
S2025040417,2025-04-13,기아,K3,Sedan,Gasoline,Automatic,2024,신차,블루,경기,영업사원_19,개인,2,19700000,0.15,33490000,리스,4,4.1,N,재고보유
S2025040284,2025-04-14,제네시스,G80,Sedan,Gasoline,Automatic,2025,중고,블루,서울,영업사원_10,개인,2,50000000,0.07,93000000,카드,1,3.9,N,재고보유
S2025040369,2025-04-14,르노코리아,XM3,SUV,Hybrid,Automatic,2023,신차,그레이,부산,영업사원_07,개인,3,28800000,0.02,84672000,리스,12,4.8,N,주문생산
S2025040066,2025-04-16,제네시스,G80,Sedan,Gasoline,Automatic,2024,중고,레드,서울,영업사원_20,개인,1,47700000,0.07,44361000,현금,1,4.2,N,재고보유
S2025040429,2025-04-16,제네시스,GV70,SUV,Electric,SingleSpeed,2024,신차,화이트,부산,영업사원_07,법인,4,61300000,0.05,232940000,리스,14,4.3,N,재고보유
S2025040004,2025-04-17,쉐보레,말리부,Sedan,Gasoline,Automatic,2024,중고,레드,경기,영업사원_20,개인,2,20800000,0.1,37440000,현금,1,4.8,N,재고보유
S2025040166,2025-04-18,제네시스,GV70,SUV,Diesel,Automatic,2025,신차,화이트,전라,영업사원_08,개인,1,58700000,0.0,58700000,카드,13,4.2,N,출고완료
S2025040415,2025-04-18,기아,K5,Sedan,Gasoline,Automatic,2024,중고,화이트,강원,영업사원_19,개인,1,19800000,0.05,18810000,카드,1,4.3,N,주문생산
S2025040262,2025-04-22,KG모빌리티,토레스,SUV,Electric,SingleSpeed,2025,중고,블루,대전,영업사원_13,개인,4,29200000,0.1,105120000,리스,13,5.0,N,주문생산
S2025040288,2025-04-22,현대,아이오닉5,SUV,Electric,SingleSpeed,2025,신차,블랙,울산,영업사원_17,법인,3,59400000,0.03,172854000,할부,30,3.4,N,출고완료
S2025040196,2025-04-23,현대,아반떼,Sedan,Gasoline,Automatic,2023,신차,실버,경기,영업사원_16,개인,1,19300000,0.05,18335000,현금,11,3.7,N,출고완료
S2025040201,2025-04-23,쉐보레,트랙스 크로스오버,SUV,Gasoline,Automatic,2024,신차,블랙,부산,영업사원_08,개인,2,26900000,0.05,51110000,리스,14,5.0,N,재고보유
S2025040203,2025-04-23,기아,스포티지,SUV,Diesel,Automatic,2025,신차,실버,경기,영업사원_06,법인,1,36000000,0.05,34200000,리스,9,4.7,N,출고완료
S2025040206,2025-04-23,현대,투싼,SUV,Hybrid,Automatic,2025,신차,화이트,충청,영업사원_18,법인,4,36700000,0.03,142396000,리스,18,4.0,N,재고보유
S2025040283,2025-04-23,쉐보레,트랙스 크로스오버,SUV,Gasoline,Automatic,2024,신차,그레이,대전,영업사원_05,법인,1,26900000,0.05,25555000,리스,11,3.8,N,주문생산
S2025040362,2025-04-24,KG모빌리티,티볼리,SUV,Gasoline,Automatic,2024,신차,블랙,인천,영업사원_01,개인,1,25000000,0.07,23250000,현금,6,4.2,N,재고보유
S2025040178,2025-04-26,기아,EV6,SUV,Electric,SingleSpeed,2024,신차,블랙,서울,영업사원_05,법인,4,60200000,0.05,228760000,리스,34,4.0,N,재고보유
S2025040281,2025-04-26,현대,투싼,SUV,Diesel,Automatic,2025,신차,그레이,경기,영업사원_19,개인,1,35000000,0.02,34300000,할부,13,3.5,N,출고완료
S2025040346,2025-04-26,기아,K3,Sedan,Gasoline,Automatic,2025,신차,그레이,서울,영업사원_15,개인,1,20500000,0.05,19475000,할부,15,4.2,N,재고보유
S2025040440,2025-04-27,현대,쏘나타,Sedan,Gasoline,Automatic,2025,신차,그레이,서울,영업사원_02,개인,1,31000000,0.05,29450000,할부,15,3.5,N,재고보유
S2025040452,2025-04-28,쉐보레,트랙스 크로스오버,SUV,Gasoline,Automatic,2025,신차,그레이,인천,영업사원_16,법인,1,28000000,0.05,26600000,할부,20,5.0,N,주문생산
S2025040279,2025-04-30,현대,아이오닉5,SUV,Electric,SingleSpeed,2025,신차,블랙,경기,영업사원_20,법인,1,59400000,0.05,56430000,리스,19,3.3,N,재고보유
S2025040433,2025-04-30,제네시스,G70,Sedan,Gasoline,Automatic,2024,신차,실버,전라,영업사원_06,법인,1,46100000,0.12,40568000,할부,18,4.5,N,출고완료
S2025050177,2025-05-01,제네시스,G70,Sedan,Gasoline,Automatic,2025,신차,블랙,광주,영업사원_19,개인,1,48000000,0.15,40800000,리스,15,4.0,N,출고완료
S2025050009,2025-05-02,KG모빌리티,티볼리,SUV,Gasoline,Automatic,2025,신차,화이트,경상,영업사원_08,개인,1,26000000,0.02,25480000,할부,5,4.3,N,재고보유
S2025050446,2025-05-02,기아,EV6,SUV,Electric,SingleSpeed,2025,신차,블루,경상,영업사원_01,개인,1,62700000,0.05,59565000,리스,24,4.2,N,재고보유
S2025050225,2025-05-03,KG모빌리티,렉스턴,SUV,Diesel,Automatic,2024,신차,그레이,경기,영업사원_06,개인,1,42500000,0.1,38250000,할부,19,3.3,N,출고완료
S2025050236,2025-05-04,현대,아이오닉5,SUV,Electric,SingleSpeed,2024,신차,그레이,경기,영업사원_17,개인,1,57000000,0.12,50160000,할부,32,3.5,N,출고완료
S2025050428,2025-05-04,기아,K3,Sedan,Gasoline,Automatic,2025,신차,블랙,강원,영업사원_17,개인,1,20500000,0.1,18450000,할부,21,4.2,N,출고완료
S2025050400,2025-05-05,르노코리아,QM6,SUV,Gasoline,Automatic,2025,신차,그레이,강원,영업사원_05,법인,1,33000000,0.07,30690000,리스,3,3.7,N,재고보유
S2025050214,2025-05-06,현대,투싼,SUV,Gasoline,Automatic,2025,중고,블랙,경기,영업사원_13,법인,1,24100000,0.03,23377000,할부,4,3.7,N,주문생산
S2025050451,2025-05-06,현대,아반떼,Sedan,Hybrid,Automatic,2024,신차,화이트,경상,영업사원_03,법인,4,21800000,0.05,82840000,할부,14,4.4,Y,출고완료
S2025050366,2025-05-07,쉐보레,말리부,Sedan,Gasoline,Automatic,2024,신차,그레이,서울,영업사원_06,개인,1,28800000,0.07,26784000,리스,13,4.6,N,주문생산
S2025050443,2025-05-07,현대,쏘나타,Sedan,Gasoline,Automatic,2024,중고,화이트,경기,영업사원_20,법인,2,18900000,0.0,37800000,리스,4,4.4,N,출고완료
S2025050171,2025-05-08,기아,스포티지,SUV,Hybrid,Automatic,2025,신차,화이트,서울,영업사원_06,개인,1,37800000,0.07,35154000,리스,15,4.2,N,출고완료
S2025050249,2025-05-08,제네시스,G70,Sedan,Gasoline,Automatic,2025,중고,화이트,대전,영업사원_07,개인,1,37100000,0.05,35245000,할부,6,4.3,N,재고보유
S2025050305,2025-05-08,르노코리아,XM3,SUV,Hybrid,Automatic,2025,중고,그레이,경기,영업사원_15,개인,1,23300000,0.1,20970000,할부,3,3.9,N,출고완료
S2025050352,2025-05-08,기아,EV6,SUV,Electric,SingleSpeed,2024,신차,그레이,경상,영업사원_01,개인,1,60200000,0.03,58394000,할부,35,3.6,N,재고보유
S2025050100,2025-05-09,기아,EV6,SUV,Electric,SingleSpeed,2024,신차,블랙,서울,영업사원_14,개인,1,60200000,0.12,52976000,현금,23,4.5,N,재고보유
S2025050253,2025-05-09,르노코리아,XM3,SUV,Hybrid,Automatic,2025,신차,화이트,강원,영업사원_14,개인,1,31300000,0.07,29109000,할부,17,4.0,N,주문생산
S2025050444,2025-05-09,제네시스,GV70,SUV,Gasoline,Automatic,2025,신차,화이트,대전,영업사원_02,개인,2,57000000,0.03,110580000,할부,21,4.2,N,주문생산
S2025050208,2025-05-10,KG모빌리티,티볼리,SUV,Gasoline,Automatic,2025,신차,블랙,충청,영업사원_18,개인,1,26000000,0.05,24700000,할부,8,4.1,N,재고보유
S2025050215,2025-05-10,현대,아반떼,Sedan,Hybrid,Automatic,2025,신차,블랙,서울,영업사원_14,법인,1,22700000,0.03,22019000,리스,13,4.9,N,주문생산
S2025050016,2025-05-11,현대,아반떼,Sedan,Gasoline,Automatic,2024,신차,그레이,경기,영업사원_19,개인,1,20200000,0.02,19796000,리스,5,4.1,N,출고완료
S2025050042,2025-05-11,기아,K5,Sedan,Hybrid,Automatic,2024,신차,레드,인천,영업사원_06,개인,1,33200000,0.07,30876000,할부,5,4.4,N,재고보유
S2025050127,2025-05-11,현대,아이오닉5,SUV,Electric,SingleSpeed,2025,신차,그레이,대전,영업사원_05,개인,4,59400000,0.03,230472000,할부,23,3.6,N,출고완료
S2025050276,2025-05-11,르노코리아,XM3,SUV,Gasoline,Automatic,2025,중고,블랙,대구,영업사원_01,개인,1,22200000,0.05,21090000,현금,3,5.0,N,출고완료
S2025050163,2025-05-14,현대,아반떼,Sedan,Hybrid,Automatic,2025,신차,블루,부산,영업사원_16,법인,1,22700000,0.03,22019000,리스,5,4.2,N,재고보유
S2025050044,2025-05-15,현대,쏘나타,Sedan,Gasoline,Automatic,2025,신차,화이트,대구,영업사원_08,법인,1,31000000,0.07,28830000,리스,16,4.4,N,출고완료
S2025050111,2025-05-15,현대,아이오닉5,SUV,Electric,SingleSpeed,2024,신차,화이트,경기,영업사원_10,개인,1,57000000,0.12,50160000,현금,28,3.5,N,재고보유
S2025050303,2025-05-15,기아,K5,Sedan,Gasoline,Automatic,2024,신차,블랙,경상,영업사원_01,개인,3,30700000,0.0,92100000,할부,17,4.3,N,출고완료
S2025050101,2025-05-16,기아,K3,Sedan,Gasoline,Automatic,2024,신차,실버,서울,영업사원_07,개인,1,19700000,0.12,17336000,리스,9,4.7,N,출고완료
S2025050183,2025-05-17,쉐보레,트레일블레이저,SUV,Gasoline,Automatic,2024,신차,블랙,서울,영업사원_07,법인,4,29800000,0.07,110856000,할부,17,3.2,N,출고완료
S2025050103,2025-05-19,쉐보레,말리부,Sedan,Gasoline,Automatic,2025,신차,실버,서울,영업사원_01,개인,1,30000000,0.07,27900000,할부,7,4.2,Y,재고보유
S2025050267,2025-05-20,기아,K5,Sedan,Hybrid,Automatic,2024,신차,블랙,경기,영업사원_05,개인,1,33200000,0.12,29216000,할부,15,4.6,N,주문생산
S2025050387,2025-05-22,기아,K3,Sedan,Gasoline,Automatic,2025,신차,화이트,울산,영업사원_02,개인,1,20500000,0.03,19885000,카드,8,4.9,N,주문생산
S2025050148,2025-05-23,쉐보레,트레일블레이저,SUV,Gasoline,Automatic,2025,신차,블루,강원,영업사원_02,개인,1,31000000,0.0,31000000,리스,4,4.5,Y,재고보유
S2025050388,2025-05-23,제네시스,G70,Sedan,Gasoline,Automatic,2025,신차,화이트,경기,영업사원_16,개인,1,48000000,0.1,43200000,리스,12,4.1,N,주문생산
S2025050233,2025-05-24,현대,쏘나타,Sedan,Gasoline,Automatic,2024,신차,실버,경기,영업사원_06,개인,1,29800000,0.0,29800000,리스,3,4.5,N,출고완료
S2025050260,2025-05-24,기아,스포티지,SUV,Hybrid,Automatic,2024,신차,화이트,인천,영업사원_11,법인,5,36300000,0.07,168795000,현금,13,4.5,N,출고완료
S2025050426,2025-05-24,현대,쏘나타,Sedan,Gasoline,Automatic,2024,신차,화이트,인천,영업사원_01,개인,1,29800000,0.02,29204000,할부,6,4.5,N,출고완료
S2025050465,2025-05-24,르노코리아,QM6,SUV,LPG,Automatic,2024,신차,화이트,충청,영업사원_15,개인,1,30700000,0.03,29779000,카드,6,4.5,N,주문생산
S2025050432,2025-05-25,KG모빌리티,토레스,SUV,Gasoline,Automatic,2024,신차,블랙,인천,영업사원_19,개인,1,30700000,0.03,29779000,리스,4,4.4,N,재고보유
S2025050244,2025-05-27,기아,스포티지,SUV,Diesel,Automatic,2025,신차,화이트,광주,영업사원_12,개인,1,36000000,0.15,30600000,할부,9,4.9,N,주문생산
S2025050273,2025-05-27,기아,K5,Sedan,Gasoline,Automatic,2025,신차,레드,강원,영업사원_18,법인,5,32000000,0.05,152000000,리스,16,3.6,N,출고완료
S2025050325,2025-05-27,기아,스포티지,SUV,Hybrid,Automatic,2025,신차,레드,경상,영업사원_04,개인,1,37800000,0.05,35910000,리스,18,3.7,N,재고보유
S2025050431,2025-05-27,현대,투싼,SUV,Gasoline,Automatic,2025,신차,그레이,전라,영업사원_15,개인,1,34000000,0.07,31620000,할부,18,4.4,N,출고완료
S2025050493,2025-05-27,현대,투싼,SUV,Gasoline,Automatic,2024,신차,실버,경기,영업사원_13,법인,1,32600000,0.07,30318000,리스,21,4.5,N,재고보유
S2025050241,2025-05-28,기아,EV6,SUV,Electric,SingleSpeed,2025,신차,블랙,인천,영업사원_02,법인,1,62700000,0.1,56430000,리스,33,3.3,N,주문생산
S2025050245,2025-05-28,기아,스포티지,SUV,Gasoline,Automatic,2024,신차,블랙,경기,영업사원_03,개인,1,33600000,0.03,32592000,현금,17,4.2,N,주문생산
S2025050017,2025-05-30,현대,아반떼,Sedan,Hybrid,Automatic,2024,신차,그레이,경기,영업사원_11,개인,1,21800000,0.0,21800000,할부,16,3.4,N,주문생산
S2025050401,2025-05-30,현대,아이오닉5,SUV,Electric,SingleSpeed,2025,신차,화이트,경기,영업사원_16,개인,3,59400000,0.02,174636000,리스,31,4.4,N,주문생산
S2025050255,2025-05-31,KG모빌리티,티볼리,SUV,Gasoline,Automatic,2024,신차,블랙,서울,영업사원_15,법인,1,25000000,0.0,25000000,리스,16,3.5,N,주문생산
S2025050365,2025-05-31,르노코리아,QM6,SUV,Gasoline,Automatic,2024,신차,화이트,경기,영업사원_18,개인,1,31700000,0.1,28530000,현금,7,4.5,N,재고보유
S2025060015,2025-06-01,기아,K5,Sedan,Gasoline,Automatic,2025,신차,그레이,서울,영업사원_11,법인,4,32000000,0.07,119040000,리스,12,4.4,N,재고보유
S2025060190,2025-06-01,현대,아반떼,Sedan,Hybrid,Automatic,2025,신차,블랙,경기,영업사원_20,개인,1,22700000,0.07,21111000,할부,12,4.2,N,재고보유
S2025060277,2025-06-01,르노코리아,XM3,SUV,Hybrid,Automatic,2025,신차,실버,부산,영업사원_08,개인,1,31300000,0.07,29109000,할부,18,4.5,N,재고보유
S2025060290,2025-06-02,KG모빌리티,토레스,SUV,Gasoline,Automatic,2023,신차,화이트,충청,영업사원_11,개인,1,29400000,0.07,27342000,리스,18,4.2,N,주문생산
S2025060396,2025-06-02,기아,K3,Sedan,Gasoline,Automatic,2024,신차,화이트,강원,영업사원_14,개인,1,19700000,0.05,18715000,할부,10,4.0,N,주문생산
S2025060464,2025-06-03,기아,K3,Sedan,Gasoline,Automatic,2025,신차,실버,부산,영업사원_02,개인,1,20500000,0.0,20500000,할부,5,4.1,N,재고보유
S2025060367,2025-06-04,현대,쏘나타,Sedan,Hybrid,Automatic,2024,신차,블랙,대전,영업사원_10,개인,1,32100000,0.15,27285000,리스,7,4.3,N,출고완료
S2025060092,2025-06-06,기아,K5,Sedan,Hybrid,Automatic,2025,신차,화이트,서울,영업사원_04,법인,1,34600000,0.07,32178000,카드,16,3.8,N,출고완료
S2025060310,2025-06-07,기아,EV6,SUV,Electric,SingleSpeed,2024,신차,실버,경상,영업사원_01,개인,1,60200000,0.1,54180000,할부,20,2.6,N,재고보유
S2025060333,2025-06-07,기아,EV6,SUV,Electric,SingleSpeed,2025,신차,블랙,충청,영업사원_19,개인,1,62700000,0.0,62700000,현금,16,3.7,N,재고보유
S2025060430,2025-06-07,기아,스포티지,SUV,Diesel,Automatic,2024,신차,실버,울산,영업사원_20,법인,3,34600000,0.07,96534000,현금,10,3.3,N,출고완료
S2025060153,2025-06-09,르노코리아,XM3,SUV,Gasoline,Automatic,2025,신차,블루,인천,영업사원_10,법인,4,29000000,0.05,110200000,리스,14,4.0,N,주문생산
S2025060192,2025-06-09,쉐보레,트랙스 크로스오버,SUV,Gasoline,Automatic,2024,신차,블랙,인천,영업사원_08,개인,1,26900000,0.05,25555000,할부,16,3.5,N,주문생산
S2025060219,2025-06-09,KG모빌리티,토레스,SUV,Gasoline,Automatic,2025,신차,블랙,경기,영업사원_06,개인,1,32000000,0.05,30400000,카드,4,4.4,N,주문생산
S2025060269,2025-06-09,현대,투싼,SUV,Hybrid,Automatic,2025,신차,블루,충청,영업사원_10,개인,1,36700000,0.02,35966000,리스,20,3.9,N,재고보유
S2025060024,2025-06-10,기아,K5,Sedan,Gasoline,Automatic,2025,신차,실버,전라,영업사원_08,개인,1,32000000,0.1,28800000,리스,4,4.0,N,재고보유
S2025060280,2025-06-10,현대,아반떼,Sedan,Hybrid,Automatic,2025,신차,화이트,경기,영업사원_03,개인,1,22700000,0.03,22019000,리스,15,3.7,N,재고보유
S2025060298,2025-06-10,르노코리아,XM3,SUV,Hybrid,Automatic,2025,신차,화이트,경상,영업사원_01,법인,1,31300000,0.05,29735000,카드,8,4.3,N,출고완료
S2025060349,2025-06-10,기아,EV6,SUV,Electric,SingleSpeed,2024,중고,화이트,강원,영업사원_18,개인,1,47800000,0.07,44454000,리스,31,3.7,N,출고완료
S2025060072,2025-06-11,KG모빌리티,토레스,SUV,Gasoline,Automatic,2025,신차,화이트,서울,영업사원_11,법인,5,32000000,0.02,156800000,리스,20,3.7,N,주문생산
S2025060105,2025-06-12,쉐보레,트레일블레이저,SUV,Gasoline,Automatic,2025,신차,화이트,인천,영업사원_06,개인,2,31000000,0.07,57660000,할부,6,5.0,N,재고보유
S2025060295,2025-06-12,현대,아이오닉5,SUV,Electric,SingleSpeed,2024,신차,실버,서울,영업사원_01,개인,1,57000000,0.02,55860000,리스,28,3.6,N,재고보유
S2025060185,2025-06-14,현대,아반떼,Sedan,Gasoline,Automatic,2025,신차,화이트,경기,영업사원_01,개인,1,21000000,0.05,19950000,할부,10,4.8,N,출고완료
S2025060047,2025-06-16,기아,EV6,SUV,Electric,SingleSpeed,2025,중고,실버,대전,영업사원_17,개인,1,43300000,0.1,38970000,리스,21,3.5,N,주문생산
S2025060297,2025-06-18,기아,K5,Sedan,Hybrid,Automatic,2024,신차,실버,충청,영업사원_01,개인,2,33200000,0.07,61752000,현금,4,4.4,N,출고완료
S2025060032,2025-06-19,KG모빌리티,렉스턴,SUV,Diesel,Automatic,2024,신차,레드,대구,영업사원_17,법인,1,42500000,0.05,40375000,리스,20,4.3,N,재고보유
S2025060160,2025-06-19,현대,투싼,SUV,Hybrid,Automatic,2025,중고,그레이,대구,영업사원_15,개인,1,27200000,0.05,25840000,리스,7,4.4,N,출고완료
S2025060374,2025-06-19,기아,EV6,SUV,Electric,SingleSpeed,2025,신차,그레이,경기,영업사원_19,개인,1,62700000,0.07,58311000,리스,28,4.1,N,주문생산
S2025060407,2025-06-19,쉐보레,트랙스 크로스오버,SUV,Gasoline,Automatic,2025,중고,블랙,경기,영업사원_08,개인,1,22300000,0.07,20739000,할부,6,4.4,N,출고완료
S2025060149,2025-06-20,현대,투싼,SUV,Diesel,Automatic,2025,신차,화이트,경기,영업사원_07,개인,1,35000000,0.0,35000000,카드,9,3.6,N,재고보유
S2025060121,2025-06-21,르노코리아,QM6,SUV,LPG,Automatic,2025,신차,화이트,경기,영업사원_01,법인,1,32000000,0.05,30400000,리스,5,4.3,N,재고보유
S2025060189,2025-06-21,제네시스,G70,Sedan,Gasoline,Automatic,2024,신차,블랙,서울,영업사원_17,개인,3,46100000,0.0,138300000,리스,16,3.9,N,재고보유
S2025060217,2025-06-21,제네시스,G70,Sedan,Gasoline,Automatic,2025,신차,그레이,전라,영업사원_03,법인,5,48000000,0.05,228000000,리스,20,4.8,N,출고완료
S2025060331,2025-06-21,르노코리아,XM3,SUV,Hybrid,Automatic,2024,신차,화이트,경기,영업사원_04,개인,3,30100000,0.07,83979000,할부,5,4.1,N,주문생산
S2025060383,2025-06-22,르노코리아,XM3,SUV,Gasoline,Automatic,2023,신차,실버,광주,영업사원_18,법인,1,26700000,0.03,25899000,카드,15,3.6,N,재고보유
S2025060360,2025-06-23,현대,아반떼,Sedan,Hybrid,Automatic,2024,신차,블루,서울,영업사원_16,개인,1,21800000,0.1,19620000,할부,12,5.0,N,주문생산
S2025060036,2025-06-24,르노코리아,QM6,SUV,LPG,Automatic,2025,신차,그레이,서울,영업사원_18,법인,1,32000000,0.03,31040000,할부,21,4.2,N,출고완료
S2025060307,2025-06-25,현대,아이오닉5,SUV,Electric,SingleSpeed,2024,신차,그레이,부산,영업사원_18,법인,1,57000000,0.0,57000000,카드,15,3.5,N,주문생산
S2025060372,2025-06-25,기아,K5,Sedan,Gasoline,Automatic,2025,신차,화이트,강원,영업사원_17,개인,1,32000000,0.05,30400000,할부,14,4.1,N,주문생산
S2025060138,2025-06-28,기아,EV6,SUV,Electric,SingleSpeed,2024,신차,블랙,강원,영업사원_20,개인,1,60200000,0.05,57190000,할부,23,5.0,N,출고완료
S2025060195,2025-06-29,기아,K3,Sedan,Gasoline,Automatic,2025,신차,블랙,서울,영업사원_01,개인,1,20500000,0.05,19475000,할부,19,3.7,N,재고보유
S2025060406,2025-06-29,현대,아반떼,Sedan,Gasoline,Automatic,2025,신차,그레이,충청,영업사원_13,개인,1,21000000,0.05,19950000,할부,11,5.0,N,출고완료
S2025060490,2025-06-29,KG모빌리티,렉스턴,SUV,Diesel,Automatic,2025,신차,블랙,경상,영업사원_18,개인,3,44300000,0.07,123597000,카드,7,4.4,N,출고완료
S2025060342,2025-06-30,현대,쏘나타,Sedan,Hybrid,Automatic,2024,신차,화이트,서울,영업사원_12,개인,2,32100000,0.03,62274000,리스,14,5.0,N,출고완료
S2025070224,2025-07-03,기아,K3,Sedan,Gasoline,Automatic,2024,신차,화이트,강원,영업사원_08,개인,1,19700000,0.03,19109000,할부,13,4.4,N,출고완료
S2025070467,2025-07-04,현대,아이오닉5,SUV,Electric,SingleSpeed,2023,신차,블루,울산,영업사원_17,개인,1,54600000,0.1,49140000,할부,12,4.3,N,출고완료
S2025070397,2025-07-05,현대,쏘나타,Sedan,Hybrid,Automatic,2023,신차,블루,부산,영업사원_14,개인,1,30800000,0.05,29260000,할부,21,4.5,N,출고완료
S2025070155,2025-07-06,기아,EV6,SUV,Electric,SingleSpeed,2025,신차,블루,서울,영업사원_01,개인,1,62700000,0.02,61446000,리스,24,2.9,N,주문생산
S2025070205,2025-07-06,기아,EV6,SUV,Electric,SingleSpeed,2024,신차,블랙,서울,영업사원_10,개인,1,60200000,0.07,55986000,리스,7,4.0,N,출고완료
S2025070237,2025-07-06,KG모빌리티,렉스턴,SUV,Diesel,Automatic,2024,신차,화이트,서울,영업사원_13,개인,1,42500000,0.05,40375000,할부,6,4.1,N,재고보유
S2025070033,2025-07-07,제네시스,G80,Sedan,Electric,SingleSpeed,2025,신차,블랙,인천,영업사원_19,개인,1,68300000,0.03,66251000,리스,35,3.3,N,주문생산
S2025070090,2025-07-07,제네시스,G80,Sedan,Gasoline,Automatic,2025,신차,그레이,전라,영업사원_02,개인,1,61000000,0.03,59170000,리스,5,4.0,N,출고완료
S2025070345,2025-07-07,기아,K3,Sedan,Gasoline,Automatic,2024,신차,화이트,서울,영업사원_12,개인,1,19700000,0.07,18321000,리스,5,4.0,N,재고보유
S2025070006,2025-07-08,현대,투싼,SUV,Diesel,Automatic,2025,신차,화이트,서울,영업사원_07,개인,1,35000000,0.1,31500000,리스,18,4.1,N,출고완료
S2025070457,2025-07-08,기아,EV6,SUV,Electric,SingleSpeed,2025,신차,실버,서울,영업사원_13,개인,1,62700000,0.1,56430000,리스,24,4.8,N,주문생산
S2025070035,2025-07-09,르노코리아,QM6,SUV,Gasoline,Automatic,2025,신차,실버,경기,영업사원_14,개인,1,33000000,0.02,32340000,할부,21,3.4,N,재고보유
S2025070080,2025-07-09,기아,K3,Sedan,Gasoline,Automatic,2025,신차,화이트,경기,영업사원_01,법인,1,20500000,0.1,18450000,리스,12,4.7,N,주문생산
S2025070174,2025-07-09,현대,아이오닉5,SUV,Electric,SingleSpeed,2023,신차,레드,울산,영업사원_02,개인,1,54600000,0.07,50778000,현금,7,4.4,N,재고보유
S2025070399,2025-07-09,기아,스포티지,SUV,Gasoline,Automatic,2025,중고,화이트,인천,영업사원_01,개인,1,27900000,0.05,26505000,리스,4,4.7,N,출고완료
S2025070069,2025-07-10,제네시스,GV70,SUV,Gasoline,Automatic,2025,신차,화이트,충청,영업사원_03,개인,1,57000000,0.07,53010000,현금,3,4.1,N,주문생산
S2025070347,2025-07-10,현대,투싼,SUV,Hybrid,Automatic,2025,중고,블랙,대구,영업사원_05,개인,1,29400000,0.1,26460000,할부,2,4.5,N,재고보유
S2025070022,2025-07-11,제네시스,G70,Sedan,Gasoline,Automatic,2025,신차,그레이,경상,영업사원_14,법인,1,48000000,0.05,45600000,리스,3,4.7,N,주문생산
S2025070328,2025-07-11,KG모빌리티,티볼리,SUV,Gasoline,Automatic,2025,신차,그레이,인천,영업사원_02,개인,1,26000000,0.15,22100000,리스,20,4.3,N,주문생산
S2025070458,2025-07-11,제네시스,GV70,SUV,Gasoline,Automatic,2024,중고,블랙,광주,영업사원_19,개인,3,35400000,0.1,95580000,리스,6,4.1,N,재고보유
S2025070293,2025-07-13,현대,투싼,SUV,Diesel,Automatic,2024,신차,그레이,부산,영업사원_20,법인,1,33600000,0.05,31920000,할부,10,4.0,N,출고완료
S2025070304,2025-07-14,기아,K5,Sedan,Gasoline,Automatic,2025,신차,실버,인천,영업사원_07,개인,1,32000000,0.1,28800000,할부,9,4.5,N,출고완료
S2025070418,2025-07-15,제네시스,G70,Sedan,Gasoline,Automatic,2023,신차,블랙,경기,영업사원_18,법인,1,44200000,0.07,41106000,리스,11,4.2,N,주문생산
S2025070182,2025-07-17,제네시스,GV70,SUV,Gasoline,Automatic,2025,신차,그레이,서울,영업사원_09,개인,1,57000000,0.05,54150000,할부,4,3.6,N,주문생산
S2025070220,2025-07-17,기아,스포티지,SUV,Diesel,Automatic,2024,신차,그레이,서울,영업사원_04,법인,3,34600000,0.05,98610000,리스,11,4.7,N,주문생산
S2025070231,2025-07-17,제네시스,G70,Sedan,Gasoline,Automatic,2025,신차,화이트,경기,영업사원_13,법인,1,48000000,0.07,44640000,현금,13,4.2,N,주문생산
S2025070247,2025-07-18,제네시스,GV70,SUV,Electric,SingleSpeed,2025,신차,그레이,경기,영업사원_04,개인,1,63800000,0.15,54230000,카드,25,3.2,N,출고완료
S2025070112,2025-07-20,르노코리아,QM6,SUV,LPG,Automatic,2024,신차,실버,경기,영업사원_11,개인,1,30700000,0.0,30700000,할부,9,3.9,N,재고보유
S2025070235,2025-07-20,기아,K3,Sedan,Gasoline,Automatic,2024,신차,그레이,대구,영업사원_13,개인,1,19700000,0.07,18321000,리스,8,4.5,N,주문생산
S2025070073,2025-07-21,기아,EV6,SUV,Electric,SingleSpeed,2025,신차,화이트,울산,영업사원_02,개인,3,62700000,0.02,184338000,카드,27,4.0,N,출고완료
S2025070223,2025-07-22,기아,EV6,SUV,Electric,SingleSpeed,2025,신차,화이트,경기,영업사원_15,개인,1,62700000,0.1,56430000,리스,15,3.8,Y,주문생산
S2025070474,2025-07-23,기아,K3,Sedan,Gasoline,Automatic,2025,신차,화이트,대구,영업사원_07,개인,4,20500000,0.05,77900000,할부,13,4.4,N,출고완료
S2025070060,2025-07-25,쉐보레,말리부,Sedan,Gasoline,Automatic,2025,신차,블랙,인천,영업사원_06,법인,1,30000000,0.12,26400000,현금,9,4.1,N,출고완료
S2025070134,2025-07-26,기아,스포티지,SUV,Hybrid,Automatic,2025,신차,그레이,경상,영업사원_14,개인,1,37800000,0.0,37800000,할부,11,4.0,N,출고완료
S2025070083,2025-07-27,제네시스,GV70,SUV,Electric,SingleSpeed,2024,신차,블랙,서울,영업사원_14,개인,4,61300000,0.07,228036000,할부,9,3.5,N,재고보유
S2025070275,2025-07-27,현대,쏘나타,Sedan,Hybrid,Automatic,2025,중고,블랙,대구,영업사원_11,개인,1,21500000,0.05,20425000,카드,2,3.7,N,재고보유
S2025070296,2025-07-27,현대,아반떼,Sedan,Hybrid,Automatic,2024,신차,실버,경기,영업사원_17,개인,1,21800000,0.0,21800000,리스,8,4.5,N,재고보유
S2025080082,2025-08-01,현대,투싼,SUV,Hybrid,Automatic,2025,신차,화이트,서울,영업사원_05,개인,1,36700000,0.07,34131000,리스,4,4.2,N,주문생산
S2025080123,2025-08-02,쉐보레,트레일블레이저,SUV,Gasoline,Automatic,2024,신차,화이트,경기,영업사원_14,개인,2,29800000,0.0,59600000,리스,5,4.4,N,재고보유
S2025080010,2025-08-03,기아,K5,Sedan,Hybrid,Automatic,2023,중고,레드,강원,영업사원_19,개인,1,26000000,0.07,24180000,할부,5,4.7,N,재고보유
S2025080078,2025-08-03,현대,아이오닉5,SUV,Electric,SingleSpeed,2025,신차,블루,광주,영업사원_15,개인,1,59400000,0.07,55242000,리스,19,3.6,N,주문생산
S2025080393,2025-08-03,기아,스포티지,SUV,Hybrid,Automatic,2023,신차,그레이,충청,영업사원_17,개인,1,34800000,0.0,34800000,할부,16,3.3,N,재고보유
S2025080118,2025-08-04,제네시스,G70,Sedan,Gasoline,Automatic,2024,신차,블루,인천,영업사원_18,법인,1,46100000,0.02,45178000,리스,4,3.9,N,출고완료
S2025080088,2025-08-05,기아,K3,Sedan,Gasoline,Automatic,2023,중고,그레이,대구,영업사원_20,개인,1,13800000,0.03,13386000,할부,3,5.0,N,주문생산
S2025080070,2025-08-06,기아,EV6,SUV,Electric,SingleSpeed,2025,신차,실버,대구,영업사원_05,개인,1,62700000,0.1,56430000,할부,28,4.1,N,재고보유
S2025080130,2025-08-06,기아,K3,Sedan,Gasoline,Automatic,2025,신차,블랙,인천,영업사원_13,개인,1,20500000,0.0,20500000,현금,10,4.1,N,주문생산
S2025080218,2025-08-06,르노코리아,QM6,SUV,Gasoline,Automatic,2025,신차,그레이,강원,영업사원_04,법인,3,33000000,0.05,94050000,리스,15,3.7,N,주문생산
S2025080475,2025-08-06,제네시스,G70,Sedan,Gasoline,Automatic,2024,신차,화이트,서울,영업사원_04,개인,1,46100000,0.05,43795000,현금,13,4.6,N,주문생산
S2025080209,2025-08-08,기아,K5,Sedan,Hybrid,Automatic,2024,중고,블랙,서울,영업사원_15,개인,4,24800000,0.0,99200000,할부,1,4.9,N,출고완료
S2025080332,2025-08-08,르노코리아,XM3,SUV,Hybrid,Automatic,2025,신차,화이트,경기,영업사원_04,법인,1,31300000,0.0,31300000,리스,15,4.0,N,출고완료
S2025080469,2025-08-08,기아,EV6,SUV,Electric,SingleSpeed,2024,신차,화이트,부산,영업사원_16,개인,1,60200000,0.0,60200000,할부,11,4.3,N,주문생산
S2025080145,2025-08-10,기아,EV6,SUV,Electric,SingleSpeed,2025,신차,화이트,서울,영업사원_05,법인,1,62700000,0.05,59565000,리스,23,3.3,N,재고보유
S2025080481,2025-08-10,기아,K3,Sedan,Gasoline,Automatic,2025,신차,화이트,인천,영업사원_07,개인,1,20500000,0.02,20090000,할부,3,4.5,N,재고보유
S2025080355,2025-08-11,르노코리아,XM3,SUV,Gasoline,Automatic,2025,신차,실버,서울,영업사원_06,개인,1,29000000,0.0,29000000,현금,5,3.5,N,출고완료
S2025080491,2025-08-11,기아,K3,Sedan,Gasoline,Automatic,2025,중고,화이트,경상,영업사원_05,개인,1,15800000,0.05,15010000,할부,7,4.4,N,출고완료
S2025080212,2025-08-12,르노코리아,XM3,SUV,Hybrid,Automatic,2024,신차,레드,서울,영업사원_14,법인,5,30100000,0.03,145985000,리스,17,4.2,N,출고완료
S2025080175,2025-08-13,쉐보레,말리부,Sedan,Gasoline,Automatic,2025,중고,실버,강원,영업사원_16,법인,1,22800000,0.07,21204000,할부,5,4.6,N,재고보유
S2025080186,2025-08-13,현대,아반떼,Sedan,Gasoline,Automatic,2024,신차,블랙,대전,영업사원_04,개인,1,20200000,0.05,19190000,현금,18,4.1,N,출고완료
S2025080213,2025-08-13,기아,스포티지,SUV,Gasoline,Automatic,2025,신차,화이트,경기,영업사원_15,법인,1,35000000,0.1,31500000,현금,14,4.3,N,출고완료
S2025080318,2025-08-14,현대,아이오닉5,SUV,Electric,SingleSpeed,2023,신차,블랙,부산,영업사원_06,개인,1,54600000,0.07,50778000,할부,13,3.8,N,주문생산
S2025080125,2025-08-15,현대,투싼,SUV,Diesel,Automatic,2025,신차,그레이,경상,영업사원_19,개인,1,35000000,0.0,35000000,카드,21,4.3,N,출고완료
S2025080287,2025-08-15,기아,K5,Sedan,Hybrid,Automatic,2025,신차,화이트,서울,영업사원_08,개인,1,34600000,0.1,31140000,할부,6,3.6,N,주문생산
S2025080439,2025-08-17,현대,쏘나타,Sedan,Gasoline,Automatic,2025,신차,그레이,전라,영업사원_07,개인,3,31000000,0.0,93000000,리스,19,3.9,N,출고완료
S2025080312,2025-08-18,KG모빌리티,토레스,SUV,Electric,SingleSpeed,2025,신차,블랙,광주,영업사원_08,법인,1,35800000,0.05,34010000,할부,8,3.9,N,주문생산
S2025080108,2025-08-19,기아,K5,Sedan,Gasoline,Automatic,2024,신차,그레이,대전,영업사원_15,법인,4,30700000,0.07,114204000,리스,6,4.1,N,재고보유
S2025080141,2025-08-19,쉐보레,트랙스 크로스오버,SUV,Gasoline,Automatic,2024,신차,블랙,인천,영업사원_03,개인,2,26900000,0.05,51110000,할부,15,3.3,N,주문생산
S2025080146,2025-08-19,기아,K5,Sedan,Gasoline,Automatic,2025,신차,실버,광주,영업사원_15,개인,1,32000000,0.05,30400000,카드,18,4.3,N,재고보유
S2025080173,2025-08-19,쉐보레,말리부,Sedan,Gasoline,Automatic,2024,신차,화이트,경기,영업사원_09,법인,1,28800000,0.03,27936000,리스,10,4.0,N,출고완료
S2025080179,2025-08-21,기아,K3,Sedan,Gasoline,Automatic,2025,신차,레드,경기,영업사원_13,개인,1,20500000,0.1,18450000,현금,11,3.8,N,주문생산
S2025080194,2025-08-21,현대,쏘나타,Sedan,Gasoline,Automatic,2024,신차,실버,인천,영업사원_18,개인,1,29800000,0.12,26224000,할부,21,4.7,N,주문생산
S2025080271,2025-08-21,기아,K5,Sedan,Gasoline,Automatic,2025,신차,화이트,대구,영업사원_04,개인,1,32000000,0.02,31360000,할부,8,3.0,N,출고완료
S2025080337,2025-08-21,기아,스포티지,SUV,Gasoline,Automatic,2025,신차,레드,경기,영업사원_09,개인,1,35000000,0.07,32550000,리스,4,4.4,N,출고완료
S2025080188,2025-08-22,제네시스,GV70,SUV,Gasoline,Automatic,2025,신차,블랙,부산,영업사원_11,법인,1,57000000,0.07,53010000,할부,17,3.6,N,출고완료
S2025080028,2025-08-24,르노코리아,QM6,SUV,LPG,Automatic,2025,신차,그레이,광주,영업사원_20,개인,1,32000000,0.02,31360000,할부,21,4.7,N,출고완료
S2025080084,2025-08-25,현대,쏘나타,Sedan,Hybrid,Automatic,2025,신차,블랙,경기,영업사원_02,개인,2,33500000,0.0,67000000,할부,8,3.4,N,재고보유
S2025080147,2025-08-25,KG모빌리티,렉스턴,SUV,Diesel,Automatic,2025,신차,화이트,충청,영업사원_09,개인,1,44300000,0.03,42971000,리스,7,4.5,N,출고완료
S2025080455,2025-08-25,KG모빌리티,토레스,SUV,Gasoline,Automatic,2023,신차,화이트,경기,영업사원_16,법인,2,29400000,0.03,57036000,리스,14,3.7,N,재고보유
S2025080309,2025-08-26,현대,아반떼,Sedan,Gasoline,Automatic,2025,신차,그레이,광주,영업사원_01,개인,1,21000000,0.1,18900000,할부,19,3.6,N,출고완료
S2025080473,2025-08-26,제네시스,GV70,SUV,Gasoline,Automatic,2024,신차,화이트,서울,영업사원_03,법인,1,54700000,0.02,53606000,리스,12,3.9,N,재고보유
S2025080448,2025-08-27,기아,K3,Sedan,Gasoline,Automatic,2025,신차,블루,광주,영업사원_17,법인,1,20500000,0.1,18450000,할부,6,3.7,N,출고완료
S2025080232,2025-08-28,제네시스,G70,Sedan,Gasoline,Automatic,2023,신차,블루,부산,영업사원_09,개인,1,44200000,0.07,41106000,현금,15,3.9,N,재고보유
S2025080142,2025-08-29,현대,쏘나타,Sedan,Gasoline,Automatic,2024,신차,블랙,강원,영업사원_04,개인,1,29800000,0.07,27714000,할부,9,3.9,N,재고보유
S2025080052,2025-08-30,현대,투싼,SUV,Gasoline,Automatic,2023,신차,실버,경상,영업사원_08,개인,2,31300000,0.15,53210000,현금,15,4.1,N,주문생산
S2025080156,2025-08-31,르노코리아,XM3,SUV,Gasoline,Automatic,2023,신차,화이트,경상,영업사원_11,개인,1,26700000,0.12,23496000,현금,10,4.9,N,주문생산
S2025090040,2025-09-01,제네시스,G70,Sedan,Gasoline,Automatic,2025,신차,실버,울산,영업사원_11,개인,1,48000000,0.05,45600000,현금,6,3.9,N,재고보유
S2025090371,2025-09-03,현대,아이오닉5,SUV,Electric,SingleSpeed,2023,신차,화이트,서울,영업사원_19,개인,1,54600000,0.03,52962000,할부,8,4.9,N,재고보유
S2025090486,2025-09-03,기아,K3,Sedan,Gasoline,Automatic,2025,신차,블루,울산,영업사원_08,개인,1,20500000,0.05,19475000,할부,9,4.6,N,주문생산
S2025090221,2025-09-04,현대,투싼,SUV,Diesel,Automatic,2025,신차,블랙,경기,영업사원_17,개인,1,35000000,0.1,31500000,현금,10,3.9,N,출고완료
S2025090375,2025-09-04,현대,투싼,SUV,Diesel,Automatic,2025,신차,레드,인천,영업사원_06,개인,1,35000000,0.02,34300000,리스,4,4.0,N,재고보유
S2025090462,2025-09-04,현대,투싼,SUV,Hybrid,Automatic,2025,중고,블랙,전라,영업사원_07,개인,1,25500000,0.02,24990000,카드,7,5.0,N,출고완료
S2025090484,2025-09-07,기아,스포티지,SUV,Diesel,Automatic,2025,신차,화이트,서울,영업사원_20,개인,1,36000000,0.07,33480000,카드,13,4.8,N,주문생산
S2025090492,2025-09-07,현대,아이오닉5,SUV,Electric,SingleSpeed,2025,신차,실버,서울,영업사원_04,개인,1,59400000,0.05,56430000,리스,17,3.4,N,출고완료
S2025090079,2025-09-09,현대,투싼,SUV,Hybrid,Automatic,2023,중고,블랙,경기,영업사원_13,개인,1,23300000,0.0,23300000,할부,7,5.0,N,출고완료
S2025090089,2025-09-09,현대,투싼,SUV,Gasoline,Automatic,2024,신차,블랙,강원,영업사원_20,법인,3,32600000,0.05,92910000,리스,16,3.8,N,출고완료
S2025090242,2025-09-09,현대,아이오닉5,SUV,Electric,SingleSpeed,2025,신차,화이트,강원,영업사원_11,개인,1,59400000,0.07,55242000,현금,9,4.6,N,재고보유
S2025090259,2025-09-09,제네시스,G70,Sedan,Gasoline,Automatic,2024,신차,레드,강원,영업사원_16,법인,1,46100000,0.05,43795000,리스,17,4.4,N,재고보유
S2025090027,2025-09-10,르노코리아,XM3,SUV,Gasoline,Automatic,2025,중고,그레이,울산,영업사원_15,개인,1,22600000,0.02,22148000,현금,6,4.3,N,재고보유
S2025090348,2025-09-10,기아,K5,Sedan,Gasoline,Automatic,2024,신차,블랙,인천,영업사원_18,개인,1,30700000,0.07,28551000,할부,8,4.0,N,주문생산
S2025090266,2025-09-11,기아,스포티지,SUV,Hybrid,Automatic,2025,신차,실버,충청,영업사원_07,법인,1,37800000,0.02,37044000,리스,7,4.4,N,출고완료
S2025090286,2025-09-11,기아,K3,Sedan,Gasoline,Automatic,2024,중고,블랙,서울,영업사원_19,개인,1,13900000,0.07,12927000,카드,4,3.7,N,재고보유
S2025090480,2025-09-11,KG모빌리티,토레스,SUV,Gasoline,Automatic,2025,신차,그레이,경기,영업사원_10,개인,1,32000000,0.1,28800000,할부,18,4.0,N,주문생산
S2025090131,2025-09-12,기아,EV6,SUV,Electric,SingleSpeed,2025,신차,블랙,충청,영업사원_09,개인,1,62700000,0.05,59565000,현금,14,4.8,N,주문생산
S2025090226,2025-09-12,쉐보레,트레일블레이저,SUV,Gasoline,Automatic,2024,신차,그레이,전라,영업사원_14,개인,1,29800000,0.07,27714000,할부,15,3.4,Y,출고완료
S2025090350,2025-09-13,기아,스포티지,SUV,Diesel,Automatic,2025,신차,그레이,서울,영업사원_02,개인,1,36000000,0.05,34200000,할부,20,3.9,N,재고보유
S2025090128,2025-09-14,현대,아반떼,Sedan,Gasoline,Automatic,2025,신차,블랙,서울,영업사원_12,개인,2,21000000,0.05,39900000,리스,10,3.5,N,주문생산
S2025090495,2025-09-14,현대,투싼,SUV,Diesel,Automatic,2025,신차,블루,전라,영업사원_01,법인,1,35000000,0.03,33950000,할부,6,3.8,N,출고완료
S2025090019,2025-09-15,쉐보레,말리부,Sedan,Gasoline,Automatic,2025,신차,그레이,경기,영업사원_17,법인,1,30000000,0.0,30000000,카드,7,4.4,N,재고보유
S2025090180,2025-09-16,쉐보레,말리부,Sedan,Gasoline,Automatic,2025,신차,블랙,경기,영업사원_10,개인,1,30000000,0.05,28500000,할부,12,4.9,N,재고보유
S2025090240,2025-09-16,기아,EV6,SUV,Electric,SingleSpeed,2024,중고,실버,경기,영업사원_01,개인,1,44100000,0.1,39690000,카드,25,3.7,N,출고완료
S2025090067,2025-09-17,제네시스,G80,Sedan,Electric,SingleSpeed,2025,신차,블루,경기,영업사원_12,개인,1,68300000,0.05,64885000,할부,21,3.8,N,주문생산
S2025090107,2025-09-18,제네시스,G80,Sedan,Electric,SingleSpeed,2025,신차,화이트,서울,영업사원_17,법인,1,68300000,0.03,66251000,현금,19,4.1,N,주문생산
S2025090419,2025-09-19,쉐보레,말리부,Sedan,Gasoline,Automatic,2024,신차,화이트,광주,영업사원_04,개인,1,28800000,0.05,27360000,할부,16,3.6,N,주문생산
S2025090258,2025-09-20,기아,K5,Sedan,Hybrid,Automatic,2025,신차,블랙,인천,영업사원_03,개인,1,34600000,0.1,31140000,할부,8,4.0,N,출고완료
S2025090058,2025-09-21,르노코리아,XM3,SUV,Hybrid,Automatic,2024,신차,화이트,울산,영업사원_03,법인,1,30100000,0.1,27090000,리스,7,3.3,N,주문생산
S2025090315,2025-09-21,기아,K3,Sedan,Gasoline,Automatic,2024,신차,블루,대전,영업사원_03,개인,1,19700000,0.02,19306000,카드,19,4.7,N,출고완료
S2025090386,2025-09-21,기아,K3,Sedan,Gasoline,Automatic,2024,신차,블랙,인천,영업사원_12,개인,1,19700000,0.12,17336000,할부,18,4.0,N,출고완료
S2025090412,2025-09-21,현대,쏘나타,Sedan,Gasoline,Automatic,2023,신차,레드,경기,영업사원_10,개인,1,28500000,0.07,26505000,할부,19,3.9,N,출고완료
S2025090053,2025-09-22,쉐보레,말리부,Sedan,Gasoline,Automatic,2025,신차,실버,서울,영업사원_07,법인,1,30000000,0.05,28500000,할부,15,4.1,N,출고완료
S2025090254,2025-09-24,르노코리아,QM6,SUV,LPG,Automatic,2025,신차,실버,광주,영업사원_20,법인,5,32000000,0.02,156800000,리스,6,4.7,N,재고보유
S2025090114,2025-09-25,기아,K3,Sedan,Gasoline,Automatic,2023,신차,실버,부산,영업사원_17,개인,1,18900000,0.05,17955000,리스,4,4.6,N,주문생산
S2025090199,2025-09-25,기아,스포티지,SUV,Hybrid,Automatic,2024,신차,화이트,서울,영업사원_04,개인,1,36300000,0.07,33759000,카드,19,4.6,N,재고보유
S2025090427,2025-09-26,제네시스,G70,Sedan,Gasoline,Automatic,2023,신차,그레이,충청,영업사원_07,개인,1,44200000,0.05,41990000,현금,8,3.8,N,재고보유
S2025090074,2025-09-27,제네시스,GV70,SUV,Diesel,Automatic,2024,신차,레드,울산,영업사원_14,법인,3,56400000,0.03,164124000,카드,16,3.6,N,출고완료
S2025090003,2025-09-28,KG모빌리티,토레스,SUV,Gasoline,Automatic,2025,신차,블랙,울산,영업사원_13,개인,1,32000000,0.05,30400000,카드,19,3.6,N,출고완료
S2025090034,2025-09-28,기아,K5,Sedan,Hybrid,Automatic,2025,신차,블랙,충청,영업사원_18,개인,1,34600000,0.05,32870000,리스,12,5.0,N,출고완료
S2025090077,2025-09-28,기아,K3,Sedan,Gasoline,Automatic,2025,신차,블랙,서울,영업사원_12,개인,1,20500000,0.05,19475000,할부,4,3.3,N,주문생산
S2025090409,2025-09-28,르노코리아,QM6,SUV,LPG,Automatic,2024,신차,실버,충청,영업사원_06,개인,1,30700000,0.12,27016000,할부,11,4.6,N,출고완료
S2025090456,2025-09-29,KG모빌리티,렉스턴,SUV,Diesel,Automatic,2024,신차,블루,경기,영업사원_08,개인,1,42500000,0.07,39525000,할부,9,4.6,N,주문생산
S2025090368,2025-09-30,현대,쏘나타,Sedan,Gasoline,Automatic,2024,신차,블루,경기,영업사원_03,개인,1,29800000,0.1,26820000,리스,16,3.8,N,출고완료
S2025100048,2025-10-01,현대,쏘나타,Sedan,Hybrid,Automatic,2024,신차,레드,경상,영업사원_05,개인,1,32100000,0.03,31137000,할부,19,3.8,N,재고보유
S2025100435,2025-10-02,제네시스,G70,Sedan,Gasoline,Automatic,2024,신차,화이트,경기,영업사원_03,개인,1,46100000,0.0,46100000,리스,15,3.9,N,재고보유
S2025100023,2025-10-04,기아,K3,Sedan,Gasoline,Automatic,2025,중고,실버,부산,영업사원_11,개인,1,14000000,0.07,13020000,할부,2,4.8,N,출고완료
S2025100301,2025-10-04,현대,투싼,SUV,Gasoline,Automatic,2024,신차,그레이,부산,영업사원_12,법인,1,32600000,0.02,31948000,리스,12,4.1,N,출고완료
S2025100319,2025-10-04,르노코리아,XM3,SUV,Hybrid,Automatic,2024,신차,블랙,서울,영업사원_18,개인,1,30100000,0.0,30100000,할부,10,3.8,N,주문생산
S2025100460,2025-10-05,현대,아이오닉5,SUV,Electric,SingleSpeed,2025,신차,블랙,서울,영업사원_17,법인,1,59400000,0.03,57618000,리스,20,3.9,N,재고보유
S2025100442,2025-10-06,기아,K5,Sedan,Gasoline,Automatic,2025,신차,화이트,경기,영업사원_17,개인,1,32000000,0.0,32000000,카드,10,4.9,N,재고보유
S2025100087,2025-10-07,현대,투싼,SUV,Diesel,Automatic,2025,중고,화이트,서울,영업사원_18,개인,1,25500000,0.1,22950000,리스,1,4.4,N,재고보유
S2025100228,2025-10-07,기아,스포티지,SUV,Diesel,Automatic,2024,신차,실버,경기,영업사원_03,법인,2,34600000,0.0,69200000,할부,7,4.2,N,출고완료
S2025100339,2025-10-07,르노코리아,XM3,SUV,Gasoline,Automatic,2024,신차,실버,서울,영업사원_03,개인,1,27800000,0.03,26966000,리스,13,4.1,N,주문생산
S2025100361,2025-10-07,쉐보레,말리부,Sedan,Gasoline,Automatic,2024,신차,레드,경기,영업사원_02,개인,1,28800000,0.07,26784000,할부,5,3.6,N,재고보유
S2025100499,2025-10-07,제네시스,G70,Sedan,Gasoline,Automatic,2023,신차,블루,강원,영업사원_20,개인,1,44200000,0.12,38896000,리스,8,4.7,N,출고완료
S2025100354,2025-10-08,제네시스,G80,Sedan,Gasoline,Automatic,2025,신차,블랙,경기,영업사원_14,법인,1,61000000,0.1,54900000,리스,17,4.3,N,주문생산
S2025100133,2025-10-10,기아,스포티지,SUV,Gasoline,Automatic,2025,신차,블랙,충청,영업사원_04,법인,4,35000000,0.03,135800000,현금,16,4.0,N,재고보유
S2025100176,2025-10-10,제네시스,GV70,SUV,Gasoline,Automatic,2024,신차,레드,서울,영업사원_04,개인,2,54700000,0.05,103930000,리스,5,3.8,Y,출고완료
S2025100316,2025-10-10,기아,스포티지,SUV,Diesel,Automatic,2025,신차,화이트,서울,영업사원_02,개인,2,36000000,0.0,72000000,리스,21,4.0,N,재고보유
S2025100158,2025-10-11,르노코리아,QM6,SUV,LPG,Automatic,2025,신차,화이트,서울,영업사원_06,개인,1,32000000,0.05,30400000,리스,12,3.1,N,출고완료
S2025100164,2025-10-11,KG모빌리티,렉스턴,SUV,Diesel,Automatic,2025,신차,그레이,경상,영업사원_06,개인,3,44300000,0.15,112965000,할부,14,3.7,N,주문생산
S2025100322,2025-10-11,기아,K3,Sedan,Gasoline,Automatic,2025,신차,화이트,울산,영업사원_18,개인,1,20500000,0.07,19065000,할부,3,3.9,N,주문생산
S2025100468,2025-10-12,KG모빌리티,토레스,SUV,Electric,SingleSpeed,2025,신차,실버,경상,영업사원_17,개인,1,35800000,0.0,35800000,카드,34,4.4,N,출고완료
S2025100169,2025-10-13,현대,아반떼,Sedan,Gasoline,Automatic,2024,신차,레드,대구,영업사원_08,개인,1,20200000,0.03,19594000,할부,14,3.9,N,출고완료
S2025100320,2025-10-13,현대,아반떼,Sedan,Hybrid,Automatic,2025,신차,블랙,서울,영업사원_07,개인,1,22700000,0.02,22246000,할부,13,4.1,N,주문생산
S2025100363,2025-10-15,현대,투싼,SUV,Diesel,Automatic,2025,신차,그레이,경기,영업사원_07,개인,1,35000000,0.1,31500000,카드,18,4.1,N,출고완료
S2025100392,2025-10-15,현대,아이오닉5,SUV,Electric,SingleSpeed,2025,신차,화이트,부산,영업사원_08,법인,2,59400000,0.1,106920000,리스,24,3.8,N,출고완료
S2025100106,2025-10-16,기아,EV6,SUV,Electric,SingleSpeed,2024,신차,그레이,인천,영업사원_20,개인,1,60200000,0.02,58996000,리스,35,3.3,N,재고보유
S2025100300,2025-10-16,쉐보레,트레일블레이저,SUV,Gasoline,Automatic,2024,신차,화이트,대전,영업사원_06,법인,1,29800000,0.02,29204000,카드,14,4.7,Y,출고완료
S2025100479,2025-10-16,제네시스,GV70,SUV,Electric,SingleSpeed,2025,신차,그레이,경상,영업사원_14,개인,2,63800000,0.03,123772000,할부,7,4.3,N,출고완료
S2025100449,2025-10-17,르노코리아,XM3,SUV,Gasoline,Automatic,2025,신차,그레이,경기,영업사원_16,개인,1,29000000,0.05,27550000,리스,14,3.8,Y,재고보유
S2025100489,2025-10-17,현대,아반떼,Sedan,Hybrid,Automatic,2024,신차,블랙,경기,영업사원_16,개인,2,21800000,0.02,42728000,할부,18,4.1,N,출고완료
S2025100119,2025-10-20,현대,쏘나타,Sedan,Gasoline,Automatic,2025,신차,레드,경기,영업사원_13,개인,2,31000000,0.05,58900000,리스,16,3.9,N,주문생산
S2025100021,2025-10-21,제네시스,G80,Sedan,Gasoline,Automatic,2024,중고,레드,경기,영업사원_06,개인,1,43400000,0.03,42098000,카드,3,4.4,N,재고보유
S2025100227,2025-10-21,르노코리아,QM6,SUV,Gasoline,Automatic,2024,신차,그레이,부산,영업사원_14,개인,5,31700000,0.1,142650000,리스,18,3.3,N,재고보유
S2025100200,2025-10-22,쉐보레,트레일블레이저,SUV,Gasoline,Automatic,2025,신차,화이트,서울,영업사원_06,개인,1,31000000,0.05,29450000,카드,14,3.7,N,재고보유
S2025100081,2025-10-23,기아,K3,Sedan,Gasoline,Automatic,2025,중고,화이트,경기,영업사원_04,법인,1,15200000,0.1,13680000,리스,2,4.6,N,주문생산
S2025100256,2025-10-25,현대,아반떼,Sedan,Hybrid,Automatic,2025,신차,그레이,강원,영업사원_14,개인,1,22700000,0.0,22700000,현금,3,4.8,Y,재고보유
S2025100370,2025-10-26,현대,쏘나타,Sedan,Gasoline,Automatic,2024,신차,그레이,경기,영업사원_18,법인,1,29800000,0.07,27714000,리스,14,4.7,N,출고완료
S2025100094,2025-10-28,현대,아반떼,Sedan,Hybrid,Automatic,2025,신차,레드,경기,영업사원_04,개인,1,22700000,0.07,21111000,리스,15,3.1,N,출고완료
S2025100341,2025-10-29,르노코리아,QM6,SUV,LPG,Automatic,2025,중고,실버,대구,영업사원_12,개인,1,24100000,0.05,22895000,할부,7,4.8,N,출고완료
S2025100076,2025-10-31,KG모빌리티,티볼리,SUV,Gasoline,Automatic,2025,신차,그레이,서울,영업사원_19,개인,1,26000000,0.1,23400000,할부,17,4.5,N,출고완료
S2025100265,2025-10-31,기아,EV6,SUV,Electric,SingleSpeed,2024,신차,실버,광주,영업사원_18,개인,1,60200000,0.07,55986000,카드,13,4.7,N,재고보유
S2025100274,2025-10-31,KG모빌리티,티볼리,SUV,Gasoline,Automatic,2025,신차,화이트,인천,영업사원_02,개인,1,26000000,0.0,26000000,할부,10,3.7,N,주문생산
S2025100302,2025-10-31,기아,K5,Sedan,Gasoline,Automatic,2025,신차,그레이,경기,영업사원_15,개인,1,32000000,0.02,31360000,할부,8,4.3,N,주문생산
S2025100324,2025-10-31,KG모빌리티,티볼리,SUV,Gasoline,Automatic,2025,신차,블루,전라,영업사원_08,법인,2,26000000,0.05,49400000,리스,16,4.7,N,재고보유
S2025110405,2025-11-01,르노코리아,XM3,SUV,Hybrid,Automatic,2025,신차,화이트,서울,영업사원_12,법인,1,31300000,0.03,30361000,할부,9,3.4,N,출고완료
S2025110378,2025-11-02,쉐보레,말리부,Sedan,Gasoline,Automatic,2025,중고,블랙,대전,영업사원_10,개인,1,22500000,0.1,20250000,리스,6,4.2,N,출고완료
S2025110043,2025-11-03,제네시스,GV70,SUV,Gasoline,Automatic,2023,중고,화이트,부산,영업사원_12,개인,1,33900000,0.12,29832000,리스,7,4.6,N,출고완료
S2025110187,2025-11-03,KG모빌리티,토레스,SUV,Electric,SingleSpeed,2024,신차,블루,서울,영업사원_05,개인,1,34400000,0.1,30960000,할부,15,4.2,N,출고완료
S2025110248,2025-11-04,현대,아반떼,Sedan,Hybrid,Automatic,2025,신차,블랙,서울,영업사원_03,개인,4,22700000,0.0,90800000,할부,9,4.1,N,재고보유
S2025110425,2025-11-04,기아,K5,Sedan,Hybrid,Automatic,2024,신차,블랙,경기,영업사원_02,개인,1,33200000,0.07,30876000,리스,8,4.7,N,출고완료
S2025110018,2025-11-05,KG모빌리티,토레스,SUV,Gasoline,Automatic,2024,신차,화이트,경기,영업사원_19,개인,1,30700000,0.1,27630000,할부,16,3.4,N,출고완료
S2025110068,2025-11-06,기아,K5,Sedan,Hybrid,Automatic,2025,신차,블랙,대전,영업사원_15,개인,1,34600000,0.1,31140000,할부,4,4.7,N,출고완료
S2025110294,2025-11-06,기아,K3,Sedan,Gasoline,Automatic,2025,중고,레드,서울,영업사원_05,개인,1,16200000,0.07,15066000,리스,7,3.2,N,주문생산
S2025110424,2025-11-07,현대,아이오닉5,SUV,Electric,SingleSpeed,2023,신차,블루,부산,영업사원_09,개인,1,54600000,0.1,49140000,리스,15,4.1,N,재고보유
S2025110381,2025-11-09,기아,K5,Sedan,Hybrid,Automatic,2025,신차,실버,대전,영업사원_02,개인,1,34600000,0.1,31140000,카드,15,4.1,N,출고완료
S2025110025,2025-11-10,르노코리아,XM3,SUV,Hybrid,Automatic,2025,신차,블랙,전라,영업사원_06,개인,1,31300000,0.02,30674000,할부,12,4.8,N,주문생산
S2025110402,2025-11-10,기아,스포티지,SUV,Hybrid,Automatic,2025,신차,실버,부산,영업사원_09,개인,1,37800000,0.05,35910000,리스,19,3.4,N,주문생산
S2025110191,2025-11-11,르노코리아,XM3,SUV,Gasoline,Automatic,2024,신차,화이트,경기,영업사원_05,개인,1,27800000,0.1,25020000,카드,19,3.8,N,주문생산
S2025110050,2025-11-12,현대,투싼,SUV,Diesel,Automatic,2025,신차,화이트,부산,영업사원_03,개인,1,35000000,0.02,34300000,할부,5,4.6,N,출고완료
S2025110380,2025-11-12,현대,쏘나타,Sedan,Gasoline,Automatic,2025,신차,그레이,서울,영업사원_20,개인,1,31000000,0.05,29450000,현금,7,4.3,N,재고보유
S2025110323,2025-11-13,KG모빌리티,토레스,SUV,Electric,SingleSpeed,2025,신차,화이트,부산,영업사원_07,법인,1,35800000,0.03,34726000,카드,17,4.0,N,출고완료
S2025110184,2025-11-14,현대,아이오닉5,SUV,Electric,SingleSpeed,2025,신차,화이트,경기,영업사원_15,개인,1,59400000,0.07,55242000,할부,16,4.5,Y,주문생산
S2025110197,2025-11-14,현대,아이오닉5,SUV,Electric,SingleSpeed,2024,신차,화이트,전라,영업사원_08,개인,2,57000000,0.05,108300000,할부,27,4.7,Y,재고보유
S2025110441,2025-11-14,르노코리아,XM3,SUV,Hybrid,Automatic,2024,신차,블랙,경기,영업사원_20,개인,1,30100000,0.1,27090000,할부,5,4.3,N,주문생산
S2025110434,2025-11-15,쉐보레,트랙스 크로스오버,SUV,Gasoline,Automatic,2024,신차,블루,대구,영업사원_01,개인,1,26900000,0.02,26362000,할부,12,4.3,N,출고완료
S2025110041,2025-11-16,기아,K3,Sedan,Gasoline,Automatic,2025,신차,레드,서울,영업사원_11,개인,3,20500000,0.12,54120000,할부,6,3.7,N,출고완료
S2025110385,2025-11-17,기아,K3,Sedan,Gasoline,Automatic,2025,신차,블루,충청,영업사원_05,개인,1,20500000,0.05,19475000,리스,20,4.2,N,출고완료
S2025110391,2025-11-18,현대,투싼,SUV,Diesel,Automatic,2025,신차,그레이,울산,영업사원_07,개인,1,35000000,0.15,29750000,현금,16,5.0,N,주문생산
S2025110351,2025-11-19,르노코리아,QM6,SUV,Gasoline,Automatic,2025,신차,그레이,대전,영업사원_15,법인,3,33000000,0.07,92070000,현금,15,3.7,N,출고완료
S2025110358,2025-11-19,현대,투싼,SUV,Gasoline,Automatic,2025,신차,그레이,경기,영업사원_10,개인,1,34000000,0.1,30600000,카드,16,4.0,N,출고완료
S2025110222,2025-11-20,쉐보레,트랙스 크로스오버,SUV,Gasoline,Automatic,2024,신차,화이트,울산,영업사원_17,개인,5,26900000,0.05,127775000,할부,20,3.6,N,재고보유
S2025110229,2025-11-21,현대,아반떼,Sedan,Hybrid,Automatic,2025,신차,블루,경기,영업사원_20,법인,4,22700000,0.1,81720000,리스,3,5.0,N,출고완료
S2025110487,2025-11-21,현대,쏘나타,Sedan,Hybrid,Automatic,2023,신차,화이트,서울,영업사원_09,개인,1,30800000,0.05,29260000,카드,13,4.4,N,주문생산
S2025110496,2025-11-21,현대,아반떼,Sedan,Gasoline,Automatic,2025,신차,블랙,부산,영업사원_14,개인,1,21000000,0.05,19950000,리스,21,4.0,Y,재고보유
S2025110238,2025-11-22,쉐보레,말리부,Sedan,Gasoline,Automatic,2024,신차,블랙,전라,영업사원_10,법인,1,28800000,0.07,26784000,리스,21,3.9,N,재고보유
S2025110408,2025-11-22,기아,스포티지,SUV,Gasoline,Automatic,2025,중고,레드,충청,영업사원_16,개인,1,23600000,0.05,22420000,할부,3,4.3,N,주문생산
S2025110097,2025-11-23,KG모빌리티,토레스,SUV,Gasoline,Automatic,2025,신차,화이트,인천,영업사원_05,개인,4,32000000,0.1,115200000,현금,10,4.4,N,재고보유
S2025110154,2025-11-23,현대,아반떼,Sedan,Gasoline,Automatic,2025,신차,화이트,경상,영업사원_16,개인,1,21000000,0.03,20370000,할부,21,4.1,N,출고완료
S2025110113,2025-11-24,KG모빌리티,티볼리,SUV,Gasoline,Automatic,2025,신차,레드,부산,영업사원_12,법인,2,26000000,0.1,46800000,리스,7,3.8,N,주문생산
S2025110046,2025-11-25,제네시스,G70,Sedan,Gasoline,Automatic,2025,신차,블루,충청,영업사원_13,개인,1,48000000,0.07,44640000,할부,5,5.0,N,재고보유
S2025110011,2025-11-27,쉐보레,말리부,Sedan,Gasoline,Automatic,2025,신차,실버,인천,영업사원_02,개인,1,30000000,0.1,27000000,리스,20,3.1,N,출고완료
S2025110170,2025-11-27,기아,K5,Sedan,Hybrid,Automatic,2025,중고,레드,대구,영업사원_05,개인,1,25200000,0.02,24696000,현금,6,4.7,N,재고보유
S2025120500,2025-12-02,현대,아이오닉5,SUV,Electric,SingleSpeed,2023,신차,블랙,경기,영업사원_01,개인,1,54600000,0.07,50778000,할부,31,3.5,N,재고보유
S2025120085,2025-12-04,제네시스,GV70,SUV,Gasoline,Automatic,2024,신차,화이트,경기,영업사원_12,개인,1,54700000,0.07,50871000,현금,14,4.6,N,주문생산
S2025120251,2025-12-04,르노코리아,QM6,SUV,Gasoline,Automatic,2025,신차,화이트,인천,영업사원_05,개인,1,33000000,0.07,30690000,할부,12,3.8,N,출고완료
S2025120292,2025-12-04,기아,K5,Sedan,Hybrid,Automatic,2023,중고,그레이,경상,영업사원_01,개인,1,24000000,0.07,22320000,할부,5,4.8,N,재고보유
S2025120056,2025-12-06,현대,아이오닉5,SUV,Electric,SingleSpeed,2023,신차,그레이,경기,영업사원_12,개인,1,54600000,0.07,50778000,할부,33,3.9,N,출고완료
S2025120168,2025-12-06,기아,K5,Sedan,Hybrid,Automatic,2025,중고,화이트,전라,영업사원_09,개인,2,24100000,0.05,45790000,리스,4,4.9,N,주문생산
S2025120285,2025-12-06,르노코리아,QM6,SUV,Gasoline,Automatic,2025,신차,화이트,인천,영업사원_20,개인,1,33000000,0.1,29700000,카드,10,3.6,N,재고보유
S2025120476,2025-12-07,기아,EV6,SUV,Electric,SingleSpeed,2024,신차,화이트,충청,영업사원_10,개인,1,60200000,0.05,57190000,할부,24,4.7,N,재고보유
S2025120364,2025-12-08,현대,쏘나타,Sedan,Gasoline,Automatic,2025,신차,그레이,경기,영업사원_15,개인,1,31000000,0.02,30380000,현금,16,4.8,N,출고완료
S2025120394,2025-12-08,기아,K5,Sedan,Hybrid,Automatic,2025,신차,그레이,경기,영업사원_01,개인,1,34600000,0.0,34600000,현금,8,4.4,N,출고완료
S2025120404,2025-12-08,기아,EV6,SUV,Electric,SingleSpeed,2025,신차,그레이,인천,영업사원_04,개인,1,62700000,0.1,56430000,할부,30,4.2,N,출고완료
S2025120211,2025-12-09,제네시스,G70,Sedan,Gasoline,Automatic,2024,중고,그레이,서울,영업사원_16,개인,1,33900000,0.07,31527000,할부,6,4.4,N,출고완료
S2025120020,2025-12-10,기아,K3,Sedan,Gasoline,Automatic,2025,신차,블랙,대구,영업사원_20,개인,1,20500000,0.05,19475000,리스,19,3.3,N,주문생산
S2025120099,2025-12-10,현대,아이오닉5,SUV,Electric,SingleSpeed,2025,중고,레드,서울,영업사원_04,법인,2,46100000,0.03,89434000,할부,10,4.6,N,재고보유
S2025120029,2025-12-11,현대,쏘나타,Sedan,Hybrid,Automatic,2025,신차,그레이,대구,영업사원_10,법인,1,33500000,0.05,31825000,리스,3,4.3,N,출고완료
S2025120096,2025-12-11,현대,아이오닉5,SUV,Electric,SingleSpeed,2025,신차,블랙,충청,영업사원_08,개인,1,59400000,0.07,55242000,현금,34,3.7,N,출고완료
S2025120054,2025-12-12,르노코리아,XM3,SUV,Hybrid,Automatic,2025,신차,화이트,전라,영업사원_13,법인,1,31300000,0.0,31300000,현금,4,4.7,N,주문생산
S2025120136,2025-12-12,현대,아반떼,Sedan,Hybrid,Automatic,2025,신차,블루,광주,영업사원_12,개인,2,22700000,0.07,42222000,할부,5,4.7,N,주문생산
S2025120243,2025-12-12,르노코리아,QM6,SUV,Gasoline,Automatic,2024,신차,화이트,전라,영업사원_12,개인,1,31700000,0.03,30749000,카드,18,3.0,Y,주문생산
S2025120261,2025-12-12,현대,쏘나타,Sedan,Hybrid,Automatic,2025,신차,그레이,서울,영업사원_11,법인,1,33500000,0.02,32830000,리스,9,4.1,N,출고완료
S2025120438,2025-12-12,현대,아반떼,Sedan,Hybrid,Automatic,2025,중고,블랙,경상,영업사원_14,개인,1,14800000,0.05,14060000,리스,1,4.0,N,출고완료
S2025120172,2025-12-14,현대,아이오닉5,SUV,Electric,SingleSpeed,2024,신차,블루,대전,영업사원_05,법인,1,57000000,0.07,53010000,리스,11,3.1,N,출고완료
S2025120002,2025-12-15,현대,쏘나타,Sedan,Hybrid,Automatic,2023,신차,그레이,광주,영업사원_13,개인,1,30800000,0.03,29876000,할부,21,4.2,N,재고보유
S2025120239,2025-12-15,기아,K5,Sedan,Gasoline,Automatic,2025,신차,화이트,서울,영업사원_09,법인,2,32000000,0.05,60800000,리스,16,4.0,N,주문생산
S2025120291,2025-12-15,쉐보레,트랙스 크로스오버,SUV,Gasoline,Automatic,2024,신차,실버,충청,영업사원_18,개인,1,26900000,0.05,25555000,리스,17,4.4,N,출고완료
S2025120340,2025-12-15,제네시스,GV70,SUV,Gasoline,Automatic,2025,신차,그레이,서울,영업사원_07,개인,1,57000000,0.03,55290000,할부,20,3.4,N,재고보유
S2025120461,2025-12-15,KG모빌리티,토레스,SUV,Gasoline,Automatic,2024,신차,실버,서울,영업사원_04,개인,1,30700000,0.05,29165000,할부,10,4.0,N,재고보유
S2025120421,2025-12-16,제네시스,G70,Sedan,Gasoline,Automatic,2025,중고,블루,광주,영업사원_03,개인,1,38100000,0.05,36195000,할부,5,4.2,N,주문생산
S2025120075,2025-12-17,기아,K3,Sedan,Gasoline,Automatic,2025,신차,블랙,충청,영업사원_14,개인,1,20500000,0.02,20090000,리스,15,4.1,N,출고완료
S2025120140,2025-12-18,기아,K5,Sedan,Gasoline,Automatic,2025,신차,화이트,경상,영업사원_16,개인,1,32000000,0.05,30400000,할부,15,3.7,N,재고보유
S2025120246,2025-12-18,기아,스포티지,SUV,Diesel,Automatic,2025,신차,화이트,부산,영업사원_04,개인,2,36000000,0.02,70560000,리스,6,4.0,N,재고보유
S2025120390,2025-12-20,르노코리아,QM6,SUV,Gasoline,Automatic,2025,신차,블랙,울산,영업사원_18,개인,1,33000000,0.02,32340000,할부,14,3.8,Y,재고보유
S2025120377,2025-12-21,현대,쏘나타,Sedan,Gasoline,Automatic,2024,중고,화이트,경기,영업사원_02,개인,1,20800000,0.07,19344000,할부,4,3.9,N,재고보유
S2025120423,2025-12-21,기아,스포티지,SUV,Hybrid,Automatic,2025,신차,그레이,경기,영업사원_14,개인,1,37800000,0.0,37800000,할부,10,4.0,N,주문생산
S2025120482,2025-12-23,기아,K3,Sedan,Gasoline,Automatic,2024,신차,그레이,서울,영업사원_01,법인,1,19700000,0.05,18715000,리스,3,4.7,N,재고보유
S2025120132,2025-12-25,기아,K3,Sedan,Gasoline,Automatic,2024,신차,화이트,서울,영업사원_01,법인,1,19700000,0.05,18715000,리스,16,3.6,N,재고보유
S2025120181,2025-12-25,현대,쏘나타,Sedan,Hybrid,Automatic,2024,신차,그레이,경기,영업사원_11,개인,1,32100000,0.07,29853000,할부,5,4.3,N,재고보유
S2025120014,2025-12-26,현대,투싼,SUV,Hybrid,Automatic,2025,신차,화이트,서울,영업사원_02,개인,1,36700000,0.07,34131000,할부,4,4.3,N,주문생산
S2025120063,2025-12-26,기아,K3,Sedan,Gasoline,Automatic,2025,신차,그레이,경상,영업사원_09,개인,1,20500000,0.1,18450000,카드,20,4.1,N,출고완료
S2025120122,2025-12-26,현대,아이오닉5,SUV,Electric,SingleSpeed,2025,신차,그레이,대구,영업사원_20,개인,1,59400000,0.02,58212000,리스,18,4.4,N,출고완료
S2025120252,2025-12-26,제네시스,G70,Sedan,Gasoline,Automatic,2025,신차,그레이,인천,영업사원_02,개인,1,48000000,0.0,48000000,리스,10,4.6,N,재고보유
S2025120359,2025-12-26,기아,K3,Sedan,Gasoline,Automatic,2024,신차,화이트,광주,영업사원_01,개인,1,19700000,0.05,18715000,리스,14,4.3,N,재고보유
S2025120038,2025-12-30,제네시스,GV70,SUV,Diesel,Automatic,2025,신차,레드,광주,영업사원_13,개인,1,58700000,0.05,55765000,할부,11,4.1,N,출고완료
S2025120313,2025-12-31,현대,아반떼,Sedan,Gasoline,Automatic,2024,신차,블루,광주,영업사원_14,개인,1,20200000,0.1,18180000,할부,14,4.7,N,재고보유
S2025120420,2025-12-31,르노코리아,XM3,SUV,Gasoline,Automatic,2025,신차,화이트,서울,영업사원_08,개인,1,29000000,0.1,26100000,할부,16,3.4,N,출고완료
